3D InterOp IGES (v. 2023 1.0.0), Spatial Corp. Copyright (c) 1999-2020. S      1
1H,,1H;,6HNoname,11HDesign1.igs,13HSpatial Corp.,27H3D InterOp GENERIC/IG      1
GES 3.0,32,38, 6,308,15,6HNoname,1.000,2,2HMM,1,1.000,15H20260324.155838G      2
,1.0e-05,0.00,6HNoname,6HNoname,11,0,15H20260324.155838;                G      3
     314       1       0       0       0       0       0       000010001D      1
     314       0       0       2       0       0       0               0D      2
     314       3       0       0       0       0       0       000010001D      3
     314       0       0       2       0       0       0               0D      4
     110       5       0       0       0       0       0       000010001D      5
     110       0       0       2       0       0       0               0D      6
     122       7       0       0       0       0       0       000010001D      7
     122       0      -3       1       0       0       0               0D      8
     126       8       0       0       0       0       0       000010501D      9
     126       0       0       3       0       0       0               0D     10
     126      11       0       0       0       0       0       000010501D     11
     126       0       0      42       0       0       0               0D     12
     102      53       0       0       0       0       0       000010501D     13
     102       0       0       1       0       0       0               0D     14
     110      54       0       0       0       0       0       000010001D     15
     110       0       0       2       0       0       0               0D     16
     126      56       0       0       0       0       0       000010001D     17
     126       0       0       9       0       0       0               0D     18
     102      65       0       0       0       0       0       000010001D     19
     102       0       0       1       0       0       0               0D     20
     142      66       0       0       0       0       0       000010001D     21
     142       0       0       1       0       0       0               0D     22
     144      67       0       0       0       0       0       000000001D     23
     144       0      -1       1       0       0       0               0D     24
     314      68       0       0       0       0       0       000010001D     25
     314       0       0       2       0       0       0               0D     26
     314      70       0       0       0       0       0       000010001D     27
     314       0       0       2       0       0       0               0D     28
     110      72       0       0       0       0       0       000010001D     29
     110       0       0       2       0       0       0               0D     30
     122      74       0       0       0       0       0       000010001D     31
     122       0     -27       1       0       0       0               0D     32
     126      75       0       0       0       0       0       000010501D     33
     126       0       0      55       0       0       0               0D     34
     126     130       0       0       0       0       0       000010501D     35
     126       0       0       3       0       0       0               0D     36
     102     133       0       0       0       0       0       000010501D     37
     102       0       0       1       0       0       0               0D     38
     126     134       0       0       0       0       0       000010001D     39
     126       0       0      12       0       0       0               0D     40
     110     146       0       0       0       0       0       000010001D     41
     110       0       0       2       0       0       0               0D     42
     102     148       0       0       0       0       0       000010001D     43
     102       0       0       1       0       0       0               0D     44
     142     149       0       0       0       0       0       000010001D     45
     142       0       0       1       0       0       0               0D     46
     144     150       0       0       0       0       0       000000001D     47
     144       0     -25       1       0       0       0               0D     48
     314     151       0       0       0       0       0       000010001D     49
     314       0       0       2       0       0       0               0D     50
     314     153       0       0       0       0       0       000010001D     51
     314       0       0       2       0       0       0               0D     52
     110     155       0       0       0       0       0       000010001D     53
     110       0       0       2       0       0       0               0D     54
     122     157       0       0       0       0       0       000010001D     55
     122       0     -51       1       0       0       0               0D     56
     126     158       0       0       0       0       0       000010501D     57
     126       0       0       3       0       0       0               0D     58
     126     161       0       0       0       0       0       000010501D     59
     126       0       0      64       0       0       0               0D     60
     102     225       0       0       0       0       0       000010501D     61
     102       0       0       1       0       0       0               0D     62
     110     226       0       0       0       0       0       000010001D     63
     110       0       0       2       0       0       0               0D     64
     126     228       0       0       0       0       0       000010001D     65
     126       0       0      15       0       0       0               0D     66
     102     243       0       0       0       0       0       000010001D     67
     102       0       0       1       0       0       0               0D     68
     142     244       0       0       0       0       0       000010001D     69
     142       0       0       1       0       0       0               0D     70
     144     245       0       0       0       0       0       000000001D     71
     144       0     -49       1       0       0       0               0D     72
     314     246       0       0       0       0       0       000010001D     73
     314       0       0       2       0       0       0               0D     74
     314     248       0       0       0       0       0       000010001D     75
     314       0       0       2       0       0       0               0D     76
     110     250       0       0       0       0       0       000010001D     77
     110       0       0       2       0       0       0               0D     78
     122     252       0       0       0       0       0       000010001D     79
     122       0     -75       1       0       0       0               0D     80
     126     253       0       0       0       0       0       000010501D     81
     126       0       0       3       0       0       0               0D     82
     126     256       0       0       0       0       0       000010501D     83
     126       0       0      65       0       0       0               0D     84
     102     321       0       0       0       0       0       000010501D     85
     102       0       0       1       0       0       0               0D     86
     110     322       0       0       0       0       0       000010001D     87
     110       0       0       2       0       0       0               0D     88
     126     324       0       0       0       0       0       000010001D     89
     126       0       0      15       0       0       0               0D     90
     102     339       0       0       0       0       0       000010001D     91
     102       0       0       1       0       0       0               0D     92
     142     340       0       0       0       0       0       000010001D     93
     142       0       0       1       0       0       0               0D     94
     144     341       0       0       0       0       0       000000001D     95
     144       0     -73       1       0       0       0               0D     96
     314     342       0       0       0       0       0       000010001D     97
     314       0       0       2       0       0       0               0D     98
     314     344       0       0       0       0       0       000010001D     99
     314       0       0       2       0       0       0               0D    100
     128     346       0       0       0       0       0       000010001D    101
     128       0     -99     339       0       0       0               0D    102
     126     685       0       0       0       0       0       000010001D    103
     126       0       0      50       0       0       0               0D    104
     502     735       0       0       0       0       0       000010001D    105
     502       0       0       4       1       0       0               0D    106
     126     739       0       0       0       0       0       000010001D    107
     126       0       0       8       0       0       0               0D    108
     126     747       0       0       0       0       0       000010001D    109
     126       0       0      60       0       0       0               0D    110
     126     807       0       0       0       0       0       000010001D    111
     126       0       0       8       0       0       0               0D    112
     110     815       0       0       0       0       0       000010001D    113
     110       0       0       2       0       0       0               0D    114
     110     817       0       0       0       0       0       000010001D    115
     110       0       0       2       0       0       0               0D    116
     504     819       0       0       0       0       0       000010001D    117
     504       0       0       2       1       0       0               0D    118
     508     821       0       0       0       0       0       000010001D    119
     508       0       0       1       1       0       0               0D    120
     510     822       0       0       0       0       0       000010001D    121
     510       0       0       1       1       0       0               0D    122
     314     823       0       0       0       0       0       000010001D    123
     314       0       0       2       0       0       0               0D    124
     110     825       0       0       0       0       0       000010001D    125
     110       0       0       2       0       0       0               0D    126
     122     827       0       0       0       0       0       000010001D    127
     122       0    -123       1       0       0       0               0D    128
     508     828       0       0       0       0       0       000010001D    129
     508       0       0       1       1       0       0               0D    130
     510     829       0       0       0       0       0       000010001D    131
     510       0       0       1       1       0       0               0D    132
     314     830       0       0       0       0       0       000010001D    133
     314       0       0       2       0       0       0               0D    134
     110     832       0       0       0       0       0       000010001D    135
     110       0       0       2       0       0       0               0D    136
     122     834       0       0       0       0       0       000010001D    137
     122       0    -133       1       0       0       0               0D    138
     508     835       0       0       0       0       0       000010001D    139
     508       0       0       1       1       0       0               0D    140
     510     836       0       0       0       0       0       000010001D    141
     510       0       0       1       1       0       0               0D    142
     314     837       0       0       0       0       0       000010001D    143
     314       0       0       2       0       0       0               0D    144
     128     839       0       0       0       0       0       000010001D    145
     128       0    -143      25       0       0       0               0D    146
     508     864       0       0       0       0       0       000010001D    147
     508       0       0       1       1       0       0               0D    148
     510     865       0       0       0       0       0       000010001D    149
     510       0       0       1       1       0       0               0D    150
     514     866       0       0       0       0       0       000010001D    151
     514       0       0       1       1       0       0               0D    152
     186     867       0       0       0       0       0       000000001D    153
     186       0     -97       1       0       0       0   Solid       0D    154
     314     868       0       0       0       0       0       000010001D    155
     314       0       0       1       0       0       0               0D    156
     314     869       0       0       0       0       0       000010001D    157
     314       0       0       1       0       0       0               0D    158
     128     870       0       0       0       0       0       000010001D    159
     128       0    -157     335       0       0       0               0D    160
     126    1205       0       0       0       0       0       000010501D    161
     126       0       0       2       0       0       0               0D    162
     126    1207       0       0       0       0       0       000010501D    163
     126       0       0       2       0       0       0               0D    164
     126    1209       0       0       0       0       0       000010501D    165
     126       0       0       2       0       0       0               0D    166
     126    1211       0       0       0       0       0       000010501D    167
     126       0       0       2       0       0       0               0D    168
     102    1213       0       0       0       0       0       000010501D    169
     102       0       0       1       0       0       0               0D    170
     126    1214       0       0       0       0       0       000010001D    171
     126       0       0       8       0       0       0               0D    172
     126    1222       0       0       0       0       0       000010001D    173
     126       0       0      55       0       0       0               0D    174
     126    1277       0       0       0       0       0       000010001D    175
     126       0       0       8       0       0       0               0D    176
     126    1285       0       0       0       0       0       000010001D    177
     126       0       0      61       0       0       0               0D    178
     102    1346       0       0       0       0       0       000010001D    179
     102       0       0       1       0       0       0               0D    180
     142    1347       0       0       0       0       0       000010001D    181
     142       0       0       1       0       0       0               0D    182
     144    1348       0       0       0       0       0       000000001D    183
     144       0    -155       1       0       0       0               0D    184
     314    1349       0       0       0       0       0       000010001D    185
     314       0       0       1       0       0       0               0D    186
     314    1350       0       0       0       0       0       000010001D    187
     314       0       0       1       0       0       0               0D    188
     128    1351       0       0       0       0       0       000010001D    189
     128       0    -187      25       0       0       0               0D    190
     126    1376       0       0       0       0       0       000010501D    191
     126       0       0       2       0       0       0               0D    192
     126    1378       0       0       0       0       0       000010501D    193
     126       0       0       2       0       0       0               0D    194
     126    1380       0       0       0       0       0       000010501D    195
     126       0       0       2       0       0       0               0D    196
     126    1382       0       0       0       0       0       000010501D    197
     126       0       0       2       0       0       0               0D    198
     102    1384       0       0       0       0       0       000010501D    199
     102       0       0       1       0       0       0               0D    200
     110    1385       0       0       0       0       0       000010001D    201
     110       0       0       2       0       0       0               0D    202
     126    1387       0       0       0       0       0       000010001D    203
     126       0       0       8       0       0       0               0D    204
     110    1395       0       0       0       0       0       000010001D    205
     110       0       0       2       0       0       0               0D    206
     126    1397       0       0       0       0       0       000010001D    207
     126       0       0       8       0       0       0               0D    208
     102    1405       0       0       0       0       0       000010001D    209
     102       0       0       1       0       0       0               0D    210
     142    1406       0       0       0       0       0       000010001D    211
     142       0       0       1       0       0       0               0D    212
     144    1407       0       0       0       0       0       000000001D    213
     144       0    -185       1       0       0       0               0D    214
     314    1408       0       0       0       0       0       000010001D    215
     314       0       0       2       0       0       0               0D    216
     126    1410       0       0       0       0       0       000000001D    217
     126       0    -215       9       0       0       0  Spline       0D    218
     314    1419       0       0       0       0       0       000010001D    219
     314       0       0       2       0       0       0               0D    220
     110    1421       0       0       0       0       0       000000001D    221
     110       0    -219       2       0       0       0    Line       0D    222
     314    1423       0       0       0       0       0       000010001D    223
     314       0       0       2       0       0       0               0D    224
     126    1425       0       0       0       0       0       000000001D    225
     126       0    -223      11       0       0       0  Spline       0D    226
     314    1436       0       0       0       0       0       000010001D    227
     314       0       0       2       0       0       0               0D    228
     110    1438       0       0       0       0       0       000000001D    229
     110       0    -227       2       0       0       0    Line       0D    230
     314    1440       0       0       0       0       0       000010001D    231
     314       0       0       2       0       0       0               0D    232
     126    1442       0       0       0       0       0       000000001D    233
     126       0    -231      15       0       0       0  Spline       0D    234
     314    1457       0       0       0       0       0       000010001D    235
     314       0       0       2       0       0       0               0D    236
     110    1459       0       0       0       0       0       000000001D    237
     110       0    -235       2       0       0       0    Line       0D    238
     314    1461       0       0       0       0       0       000010001D    239
     314       0       0       2       0       0       0               0D    240
     126    1463       0       0       0       0       0       000000001D    241
     126       0    -239      15       0       0       0  Spline       0D    242
     314    1478       0       0       0       0       0       000010001D    243
     314       0       0       2       0       0       0               0D    244
     110    1480       0       0       0       0       0       000000001D    245
     110       0    -243       2       0       0       0    Line       0D    246
314,56.07843137254902,68.62745098039215,56.07843137254902,10HMix       1P      1
edColor;                                                               1P      2
314,56.07843137254902,68.62745098039215,56.07843137254902,10HMix       3P      3
edColor;                                                               3P      4
110,-33.01651170201362,14.18279754643064,0.00000000000005,             5P      5
-33.01651170201362,-11.42357829176693,-0.00000000000004;               5P      6
122,5,80.0281982145475,14.18279754643065,0.00000000000005;             7P      7
126,1,1,1,0,1,0,-0.00208978485789,-0.00208978485789,0.,0.,1.,1.,       9P      8
0.51304760837019,-0.,0.,0.59465950343484,-0.,0.,                       9P      9
-0.00208978485789,0.,0.,0.,1.;                                         9P     10
126,50,2,1,0,1,0,0.,0.,0.,0.03125,0.03125,0.0625,0.0625,0.09375,      11P     11
0.09375,0.125,0.125,0.1875,0.1875,0.25,0.25,0.3125,0.3125,0.375,      11P     12
0.375,0.40625,0.40625,0.4375,0.4375,0.46875,0.46875,0.5,0.5,          11P     13
0.515625,0.515625,0.53125,0.53125,0.5625,0.5625,0.59375,0.59375,      11P     14
0.625,0.625,0.6875,0.6875,0.75,0.75,0.8125,0.8125,0.875,0.875,        11P     15
0.90625,0.90625,0.9375,0.9375,0.96875,0.96875,1.,1.,1.,1.,1.,1.,      11P     16
1.,1.,1.,1.,1.,1.,1.,1.,1.,1.,1.,1.,1.,1.,1.,1.,1.,1.,1.,1.,1.,       11P     17
1.,1.,1.,1.,1.,1.,1.,1.,1.,1.,1.,1.,1.,1.,1.,1.,1.,1.,1.,1.,1.,       11P     18
1.,1.,1.,1.,1.,1.,0.59465950343484,-0.,0.,0.62312276341953,           11P     19
0.03030620906014,0.,0.63716925088896,0.04552922157733,0.,             11P     20
0.66058006333801,0.07090090910597,0.,0.6785681432056,                 11P     21
0.09147789107735,0.,0.70015383904672,0.116170269443,0.,               11P     22
0.71774532524731,0.13826545642276,0.,0.73749087098267,                11P     23
0.16306617650208,0.,0.7535899418766,0.18631136553625,0.,              11P     24
0.78965186067902,0.23838058897281,0.,0.81083805834807,                11P     25
0.28785600675828,0.,0.83461848430313,0.34338963896646,0.,             11P     26
0.84142565152025,0.39946739812498,0.,0.84883790026778,                11P     27
0.46052984698649,0.,0.83646588029337,0.52450112301793,0.,             11P     28
0.82322868409698,0.59294591485577,0.,0.78707190356767,                11P     29
0.66631276481867,0.,0.76692800864838,0.70718736965288,0.,             11P     30
0.74333764566103,0.74293359052018,0.,0.71657823153682,                11P     31
0.78348184016249,0.,0.6881068982008,0.81312231885542,0.,              11P     32
0.65604161643646,0.8465043276887,0.,0.62351834235809,                 11P     33
0.86418282243786,0.,0.58734221537666,0.88384687807215,0.,             11P     34
0.55171112544646,0.88341725585519,0.,0.53346978147805,                11P     35
0.88319731067105,0.,0.51385891219617,0.87775723653145,0.,             11P     36
0.495200782896,0.87258145338588,0.,0.47548625683838,                  11P     37
0.86273320259768,0.,0.43884672675659,0.8444301868441,0.,              11P     38
0.40007158731973,0.81092491526797,0.,0.36504754782428,                11P     39
0.78066093757425,0.,0.33125105192951,0.74065604260189,0.,             11P     40
0.30027771731155,0.70399292219457,0.,0.2748043556633,                 11P     41
0.66458256100633,0.,0.22786243095802,0.59195774481393,0.,             11P     42
0.2102216885186,0.52400809559415,0.,0.19373393578109,                 11P     43
0.46049959991815,0.,0.20252440824436,0.39969401486076,0.,             11P     44
0.21059729111878,0.34385215103255,0.,0.24033543746649,                11P     45
0.28838824187041,0.,0.26682942239444,0.23897494098051,0.,             11P     46
0.3122776988109,0.18683869968734,0.,0.33256710792539,                 11P     47
0.16356359196718,0.,0.35749270484955,0.13870624110611,0.,             11P     48
0.37969914574563,0.11656060124807,0.,0.4069741149035,                 11P     49
0.09179331137579,0.,0.42970325586838,0.07115390314889,0.,             11P     50
0.45929979430096,0.04569340087941,0.,0.4770577173605,                 11P     51
0.03041709951772,0.,0.51304760837019,-0.,0.,0.,1.,0.,0.,1.;           11P     52
102,2,9,11;                                                           13P     53
110,-33.01651170201362,1.04550766361524,0.,-33.01651170201362,        15P     54
-1.0442771942779,-0.00000000000001;                                   15P     55
126,6,3,0,0,1,0,0.,0.,0.,0.,0.37794050774507,0.49909282185491,        17P     56
0.62024537911579,1.,1.,1.,1.,1.,1.,1.,1.,1.,1.,1.,                    17P     57
-33.01651170201362,-1.0442771942779,-0.00000000000001,                17P     58
-12.29958719954464,-5.45161338928971,-0.00000000000002,               17P     59
15.0583384480199,-11.2717618342282,-0.00000000000004,                 17P     60
79.35397529257995,-0.3298043831783,0.,15.43386780679444,              17P     61
14.03098108889192,0.00000000000005,-12.12397892456841,                17P     62
6.64503922391841,0.00000000000002,-33.01651170201362,                 17P     63
1.04550766361524,0.,0.,1.;                                            17P     64
102,2,15,17;                                                          19P     65
142,1,7,13,19,2;                                                      21P     66
144,7,1,0,21;                                                         23P     67
314,56.07843137254902,68.62745098039215,56.07843137254902,10HMix      25P     68
edColor;                                                              25P     69
314,56.07843137254902,68.62745098039215,56.07843137254902,10HMix      27P     70
edColor;                                                              27P     71
110,72.75372896041829,-11.31497128617871,99.99999999999982,           29P     72
-26.0857682161558,-11.31497128617871,100.0000000000006;               29P     73
122,29,72.75372896041829,12.06386561443514,99.99999999999918;         31P     74
126,62,2,1,0,1,0,-1.,-1.,-1.,-0.9375,-0.9375,-0.875,-0.875,           33P     75
-0.8125,-0.8125,-0.75,-0.75,-0.71875,-0.71875,-0.703125,              33P     76
-0.703125,-0.6875,-0.6875,-0.65625,-0.65625,-0.625,-0.625,            33P     77
-0.59375,-0.59375,-0.5625,-0.5625,-0.546875,-0.546875,                33P     78
-0.5390625,-0.5390625,-0.53125,-0.53125,-0.515625,-0.515625,          33P     79
-0.5,-0.5,-0.46875,-0.46875,-0.453125,-0.453125,-0.4375,-0.4375,      33P     80
-0.40625,-0.40625,-0.375,-0.375,-0.34375,-0.34375,-0.3125,            33P     81
-0.3125,-0.296875,-0.296875,-0.28125,-0.28125,-0.265625,              33P     82
-0.265625,-0.25,-0.25,-0.1875,-0.1875,-0.125,-0.125,-0.0625,          33P     83
-0.0625,0.,0.,0.,1.,1.,1.,1.,1.,1.,1.,1.,1.,1.,1.,1.,1.,1.,1.,        33P     84
1.,1.,1.,1.,1.,1.,1.,1.,1.,1.,1.,1.,1.,1.,1.,1.,1.,1.,1.,1.,1.,       33P     85
1.,1.,1.,1.,1.,1.,1.,1.,1.,1.,1.,1.,1.,1.,1.,1.,1.,1.,1.,1.,1.,       33P     86
1.,1.,1.,1.,1.,1.,0.98849690230676,0.99407114624506,0.,               33P     87
0.90536687240426,0.92856650883163,0.,0.86403744112762,                33P     88
0.89644621320072,0.,0.79515505566656,0.84291238714919,0.,             33P     89
0.74099148199613,0.80261341861117,0.,0.67599519359161,                33P     90
0.75425465636554,0.,0.62077252695992,0.71636490093121,0.,             33P     91
0.55878790114883,0.67383558360696,0.,0.50479407806663,                33P     92
0.64149279861563,0.,0.47589150218146,0.62417989606145,0.,             33P     93
0.44883676281348,0.60950794648661,0.,0.43651952724707,                33P     94
0.60282823478532,0.,0.42143856935171,0.59506099765369,0.,             33P     95
0.40788955482151,0.58808276659661,0.,0.39433998364845,                33P     96
0.58112388039842,0.,0.36348135526804,0.56527528413003,0.,             33P     97
0.3402234854814,0.5503641144265,0.,0.31054356777633,                  33P     98
0.53133561810474,0.,0.28482707836505,0.50827599576534,0.,             33P     99
0.25491133082536,0.48145095642061,0.,0.22648579437708,                33P    100
0.445882351526,0.,0.19503790354844,0.40653190318221,0.,               33P    101
0.16353466559519,0.35420600881958,0.,0.14679474268576,                33P    102
0.3264015196716,0.,0.1298101069308,0.29458145901343,0.,               33P    103
0.12109590766763,0.27825574245748,0.,0.11229452609699,                33P    104
0.26083165035475,0.,0.1025740009232,0.24158792997339,0.,              33P    105
0.09444455487377,0.22444491077538,0.,0.07421867619689,                33P    106
0.18179346511155,0.,0.06294003818631,0.15003586786795,0.,             33P    107
0.04907770691916,0.11100328850623,0.,0.04821448403217,                33P    108
0.08715460365045,0.,0.04655830896382,0.04139863741455,0.,             33P    109
0.09082923133948,0.029890466322,0.,0.10812770585969,                  33P    110
0.02539374943119,0.,0.13263292401707,0.02611561462656,0.,             33P    111
0.15298274020427,0.0267150716052,0.,0.17563553584504,                 33P    112
0.03046337341696,0.,0.21566232154952,0.03708650619733,0.,             33P    113
0.25189653428247,0.05289817149553,0.,0.2855304377677,                 33P    114
0.06757512966487,0.,0.31707106420041,0.09070837133068,0.,             33P    115
0.34560587337139,0.11163701832025,0.,0.37406739985281,                33P    116
0.14074173563977,0.,0.39852090316057,0.16574785404697,0.,             33P    117
0.42579381549365,0.19984602714014,0.,0.43730802213371,                33P    118
0.21424175452885,0.,0.45058963901411,0.23181469643623,0.,             33P    119
0.4609804693105,0.2455628310807,0.,0.47515858537691,                  33P    120
0.26486900854915,0.,0.48751500684019,0.28169460544282,0.,             33P    121
0.4998641888638,0.29861493381857,0.,0.51154013116279,                 33P    122
0.31461281751786,0.,0.52506606092541,0.33266220137164,0.,             33P    123
0.57372628887138,0.39759578804721,0.,0.6324310620831,                 33P    124
0.46942260853857,0.,0.68473167821719,0.53341377588542,0.,             33P    125
0.7482700091027,0.60683735685715,0.,0.80121861817396,                 33P    126
0.6680236743336,0.,0.86975825336356,0.74468833261017,0.,              33P    127
0.91088203447731,0.7906871275761,0.,0.99407114624506,                 33P    128
0.88275742208039,0.,-1.,0.,0.,0.,1.;                                  33P    129
126,1,1,1,0,1,0,0.,0.,0.00266006798945,0.00266006798945,1.,1.,        35P    130
0.99407114624506,0.88275742208039,0.,0.98849690230676,                35P    131
0.99407114624506,0.,0.,0.00266006798945,0.,0.,1.;                     35P    132
102,2,33,35;                                                          37P    133
126,8,3,0,0,1,0,-1.,-1.,-1.,-1.,-0.71094728786119,                    39P    134
-0.53735849608214,-0.50047168335152,-0.44546214747846,                39P    135
-0.25603903578463,0.,0.,0.,0.,1.,1.,1.,1.,1.,1.,1.,1.,1.,             39P    136
-24.94880782418337,11.92525590949079,100.00000000000004,              39P    137
-5.94872475438018,8.38396190740632,99.99999999999999,                 39P    138
24.4617389321072,2.71596602244513,99.99999999999994,                  39P    139
50.92571158665336,0.6389980886406,100.0000000000001,                  39P    140
72.1677240364465,-10.60526399478057,99.99999999999994,                39P    141
42.68548159447297,-11.17636158123436,100.,20.64425485642138,          39P    142
-2.75695965729487,99.99999999999997,-8.65778184456839,                39P    143
4.91388568801091,100.00000000000001,-25.49976329218402,               39P    144
9.32287050744515,100.00000000000003,-1.,0.;                           39P    145
110,-25.49976329218402,9.32287050744515,100.00000000000003,           41P    146
-24.94880782418337,11.92525590949079,100.00000000000004;              41P    147
102,2,39,41;                                                          43P    148
142,1,31,37,43,2;                                                     45P    149
144,31,1,0,45;                                                        47P    150
314,56.07843137254902,68.62745098039215,56.07843137254902,10HMix      49P    151
edColor;                                                              49P    152
314,56.07843137254902,68.62745098039215,56.07843137254902,10HMix      51P    153
edColor;                                                              51P    154
110,-15.43585864033556,15.71860857097927,200.00000000000006,          53P    155
-15.43585864033556,-20.00807840041593,199.99999999999994;             53P    156
122,53,64.02407392968976,15.71860857097927,200.00000000000006;        55P    157
126,1,1,1,0,1,0,-0.00079533430691,-0.00079533430691,0.,0.,1.,1.,      57P    158
0.00592885375494,0.00991150121664,0.,0.02635234644762,                57P    159
0.00592885375494,0.,-0.00079533430691,0.,0.,0.,1.;                    57P    160
126,74,2,1,0,1,0,0.,0.,0.,0.03125,0.03125,0.0625,0.0625,0.125,        59P    161
0.125,0.1875,0.1875,0.21875,0.21875,0.25,0.25,0.28125,0.28125,        59P    162
0.3125,0.3125,0.34375,0.34375,0.375,0.375,0.40625,0.40625,            59P    163
0.4140625,0.4140625,0.421875,0.421875,0.4375,0.4375,0.453125,         59P    164
0.453125,0.46875,0.46875,0.4765625,0.4765625,0.48046875,              59P    165
0.48046875,0.484375,0.484375,0.4921875,0.4921875,0.49609375,          59P    166
0.49609375,0.5,0.5,0.50390625,0.50390625,0.5078125,0.5078125,         59P    167
0.515625,0.515625,0.5234375,0.5234375,0.53125,0.53125,0.546875,       59P    168
0.546875,0.5625,0.5625,0.578125,0.578125,0.59375,0.59375,0.625,       59P    169
0.625,0.6875,0.6875,0.75,0.75,0.875,0.875,0.9375,0.9375,1.,1.,        59P    170
1.,1.,1.,1.,1.,1.,1.,1.,1.,1.,1.,1.,1.,1.,1.,1.,1.,1.,1.,1.,1.,       59P    171
1.,1.,1.,1.,1.,1.,1.,1.,1.,1.,1.,1.,1.,1.,1.,1.,1.,1.,1.,1.,1.,       59P    172
1.,1.,1.,1.,1.,1.,1.,1.,1.,1.,1.,1.,1.,1.,1.,1.,1.,1.,1.,1.,1.,       59P    173
1.,1.,1.,1.,1.,1.,1.,1.,1.,1.,1.,1.,1.,0.02635234644762,              59P    174
0.00592885375494,0.,0.07261096888553,0.0447833450119,0.,              59P    175
0.09569722216792,0.06424589608143,0.,0.13417431097193,                59P    176
0.09668348119734,0.,0.16478375026904,0.1227747710544,0.,              59P    177
0.2413073485118,0.18800299569703,0.,0.30114837313709,                 59P    178
0.24131534952565,0.,0.37295760268743,0.30529017412,0.,                59P    179
0.43337943409836,0.36324525034048,0.,0.46657824256591,                59P    180
0.39508869881328,0.,0.49729900981603,0.42601077824293,0.,             59P    181
0.52712719172857,0.45603442325257,0.,0.55943798069495,                59P    182
0.49018047510714,0.,0.58598680599059,0.51823728195781,0.,             59P    183
0.61986035912002,0.55505499614062,0.,0.63048931670785,                59P    184
0.56660778249977,0.,0.6788072670217,0.61943438164794,0.,              59P    185
0.71436236893867,0.65830720436578,0.,0.73652224878462,                59P    186
0.68211182466496,0.,0.76776173285708,0.71566995141733,0.,             59P    187
0.79324884879338,0.74188051822753,0.,0.82254141328959,                59P    188
0.77200455111887,0.,0.84923029105461,0.7975357635425,0.,              59P    189
0.85615687228139,0.80416189515536,0.,0.86312031718708,                59P    190
0.81078021126423,0.,0.87005933641811,0.81737531230668,0.,             59P    191
0.87692427894944,0.82405835644413,0.,0.892572485925,                  59P    192
0.83929193741182,0.,0.90411633176844,0.8517780351572,0.,              59P    193
0.91853765474626,0.86737648048996,0.,0.93049109432072,                59P    194
0.88281939163923,0.,0.94408201028715,0.90037779450722,0.,             59P    195
0.95573321141541,0.91930701784774,0.,0.96201434438333,                59P    196
0.92951171412518,0.,0.96783093294335,0.9402570865416,0.,              59P    197
0.97131389193981,0.94669138925048,0.,0.97349418703962,                59P    198
0.95136876718322,0.,0.97631802806825,0.95742674149781,0.,             59P    199
0.97778722070195,0.96222187904907,0.,0.98136252849053,                59P    200
0.97389093608155,0.,0.97747687378715,0.98015286241628,0.,             59P    201
0.975231905172,0.9837707412977,0.,0.97048061674122,                   59P    202
0.98573096689907,0.,0.96548809159353,0.987790718849,0.,               59P    203
0.95736444640376,0.98806287526333,0.,0.94952751647217,                59P    204
0.98832542621178,0.,0.93904813771932,0.98709745740251,0.,             59P    205
0.92935791279166,0.98596196127753,0.,0.91962861227132,                59P    206
0.98383264671983,0.,0.90252089320646,0.98008852193123,0.,             59P    207
0.8883402574739,0.97361469428499,0.,0.87698964195981,                 59P    208
0.9684328441971,0.,0.86540952956122,0.96041924823953,0.,              59P    209
0.85624030550106,0.95407401994353,0.,0.84639174214837,                59P    210
0.9460166316336,0.,0.82960018936614,0.93227898724344,0.,              59P    211
0.81416455931925,0.91580889433041,0.,0.80113551838907,                59P    212
0.90190667498232,0.,0.78747183390922,0.88428026572897,0.,             59P    213
0.77835962366315,0.87252534360407,0.,0.76372380452722,                59P    214
0.85206410935156,0.,0.74861755505845,0.83094520195141,0.,             59P    215
0.74042064175188,0.81977159710468,0.,0.71737666384291,                59P    216
0.78835924789208,0.,0.69187273915094,0.75574319017971,0.,             59P    217
0.64521629438118,0.69607593058561,0.,0.58800273372892,                59P    218
0.62950882366139,0.,0.53965045468245,0.57325168300065,0.,             59P    219
0.47745287514823,0.50482064741053,0.,0.37721848760232,                59P    220
0.39454074595978,0.,0.24538489410842,0.25696268810401,0.,             59P    221
0.19271968952236,0.20200267092249,0.,0.12611861512847,                59P    222
0.1333866777048,0.,0.08615797049211,0.09221708177416,0.,              59P    223
0.00592885375494,0.00991150121664,0.,0.,1.,0.,0.,1.;                  59P    224
102,2,57,59;                                                          61P    225
110,-14.64829142199378,15.50679026877732,200.00000000000006,          63P    226
-14.96475232075043,14.7771265384835,200.00000000000011;               63P    227
126,11,3,0,0,1,0,0.,0.,0.,0.,0.22834655894912,0.40348209989998,       65P    228
0.47632177584988,0.49867638298803,0.50781388661901,                   65P    229
0.52577328361497,0.58453892300006,0.75536438501831,1.,1.,1.,1.,       65P    230
1.,1.,1.,1.,1.,1.,1.,1.,1.,1.,1.,1.,-14.96475232075043,               65P    231
14.7771265384835,200.00000000000011,-3.68488806896098,                65P    232
8.73903219569918,200.00000000000003,16.24632235016666,                65P    233
-1.93011471867849,199.99999999999994,43.80988153609895,               65P    234
-12.31318511622744,200.00000000000003,54.71194770526989,              65P    235
-17.9922389589893,199.99999999999989,63.55296761010462,               65P    236
-19.79626009821398,200.,62.66958565928546,-16.42951056383713,         65P    237
199.99999999999991,58.68712161408735,-13.54646967047439,              65P    238
199.99999999999997,44.96310479038411,-9.41829492499605,200.,          65P    239
19.88794575224242,0.37040061766189,200.00000000000003,                65P    240
-1.84896410691615,9.89715756513972,200.00000000000006,                65P    241
-14.64829142199378,15.50679026877732,200.00000000000006,0.,1.;        65P    242
102,2,63,65;                                                          67P    243
142,1,55,61,67,2;                                                     69P    244
144,55,1,0,69;                                                        71P    245
314,56.07843137254902,68.62745098039215,56.07843137254902,10HMix      73P    246
edColor;                                                              73P    247
314,56.07843137254902,68.62745098039215,56.07843137254902,10HMix      75P    248
edColor;                                                              75P    249
110,-3.56415523711113,17.33908342646268,300.,-3.56415523711113,       77P    250
-17.15483815714532,299.99999999999989;                                77P    251
122,77,49.95991433532131,17.33908342646269,300.;                      79P    252
126,1,1,1,0,1,0,-0.00048838580938,-0.00048838580938,0.,0.,1.,1.,      81P    253
0.00592885375494,0.01049115454116,0.,0.01819056533646,                81P    254
0.00592885375494,0.,-0.00048838580938,0.,0.,0.,1.;                    81P    255
126,74,2,1,0,1,0,0.,0.,0.,0.0625,0.0625,0.125,0.125,0.1875,           83P    256
0.1875,0.25,0.25,0.3125,0.3125,0.34375,0.34375,0.375,0.375,           83P    257
0.40625,0.40625,0.4375,0.4375,0.4453125,0.4453125,0.453125,           83P    258
0.453125,0.4609375,0.4609375,0.46875,0.46875,0.484375,0.484375,       83P    259
0.4921875,0.4921875,0.49609375,0.49609375,0.498046875,                83P    260
0.498046875,0.5,0.5,0.501953125,0.501953125,0.50390625,               83P    261
0.50390625,0.5078125,0.5078125,0.51171875,0.51171875,0.515625,        83P    262
0.515625,0.5234375,0.5234375,0.53125,0.53125,0.5390625,               83P    263
0.5390625,0.546875,0.546875,0.5546875,0.5546875,0.5625,0.5625,        83P    264
0.625,0.625,0.65625,0.65625,0.6875,0.6875,0.75,0.75,0.8125,           83P    265
0.8125,0.875,0.875,0.9375,0.9375,1.,1.,1.,1.,1.,1.,1.,1.,1.,1.,       83P    266
1.,1.,1.,1.,1.,1.,1.,1.,1.,1.,1.,1.,1.,1.,1.,1.,1.,1.,1.,1.,1.,       83P    267
1.,1.,1.,1.,1.,1.,1.,1.,1.,1.,1.,1.,1.,1.,1.,1.,1.,1.,1.,1.,1.,       83P    268
1.,1.,1.,1.,1.,1.,1.,1.,1.,1.,1.,1.,1.,1.,1.,1.,1.,1.,1.,1.,1.,       83P    269
1.,1.,1.,1.,1.,0.01819056533646,0.00592885375494,0.,                  83P    270
0.10959892935887,0.08264968499176,0.,0.15511795662491,                83P    271
0.12116436430871,0.,0.23098300206829,0.18535549650362,0.,             83P    272
0.2909344194423,0.23732545705368,0.,0.36287612029111,                 83P    273
0.29968940971377,0.,0.42452902531759,0.35533771418108,0.,             83P    274
0.49373126565343,0.41780009674644,0.,0.55479084577972,                83P    275
0.47612671788212,0.,0.62127794413946,0.53963792756319,0.,             83P    276
0.68060895235766,0.60061805034801,0.,0.71190442922,                   83P    277
0.6327833898389,0.,0.74150444779285,0.66454133430253,0.,              83P    278
0.76915651252591,0.69420931352815,0.,0.80081794514696,                83P    279
0.72946936027541,0.,0.82559109529938,0.75705820765657,0.,             83P    280
0.85809984347083,0.7939893866391,0.,0.88551545106631,                 83P    281
0.82513456349069,0.,0.91282524946068,0.85631832455038,0.,             83P    282
0.91606620809614,0.86001902120999,0.,0.9260456369105,                 83P    283
0.87134923989796,0.,0.93520216641239,0.88174517373439,0.,             83P    284
0.93901549435021,0.88617969193099,0.,0.94613319293358,                83P    285
0.89445686200411,0.,0.95145914325152,0.90118935655918,0.,             83P    286
0.9578978578288,0.9093284882156,0.,0.96304134392878,                  83P    287
0.91684865921536,0.,0.97497130739339,0.93429118040251,0.,             83P    288
0.98228043596078,0.9519978893445,0.,0.98638418783264,                 83P    289
0.96193942194926,0.,0.9892668449903,0.97242867218385,0.,              83P    290
0.99137948807296,0.98011603864419,0.,0.99182112561927,                83P    291
0.98346316164808,0.,0.99221835496306,0.98647371970752,0.,             83P    292
0.99160826495696,0.98828064487894,0.,0.99087795907036,                83P    293
0.99044361767992,0.,0.98857575046519,0.99127209095357,0.,             83P    294
0.98628680329682,0.99209579196377,0.,0.98224521439907,                83P    295
0.9918949501446,0.,0.97871981563149,0.99171975976286,0.,              83P    296
0.97427340719777,0.99079666962518,0.,0.96646699915734,                83P    297
0.98917603166981,0.,0.95992072710496,0.98622592370727,0.,             83P    298
0.95427624239548,0.98368221040716,0.,0.94936528898419,                83P    299
0.97998964941448,0.,0.94546139038138,0.9770542960334,0.,              83P    300
0.94119434152958,0.97271376515542,0.,0.93484623642452,                83P    301
0.96625634055537,0.,0.92717897320759,0.95707820917616,0.,             83P    302
0.920925445115,0.94959239568659,0.,0.91435556994866,                  83P    303
0.94082263879722,0.,0.90880356809806,0.93341158375488,0.,             83P    304
0.90233123963404,0.92414251008807,0.,0.89798879533438,                83P    305
0.91792366066916,0.,0.89072648053817,0.90722767682784,0.,             83P    306
0.88232180582151,0.89484921796404,0.,0.87916180744589,                83P    307
0.89026798457391,0.,0.87337117312541,0.88187296529044,0.,             83P    308
0.86733647330025,0.87341406917581,0.,0.82311687455938,                83P    309
0.81143103724097,0.,0.76308634743289,0.74262653291214,0.,             83P    310
0.73686084426947,0.71256794718406,0.,0.70598362061939,                83P    311
0.67929516956008,0.,0.6794939356026,0.65075032987884,0.,              83P    312
0.64675545327476,0.6168189862826,0.,0.58898500658645,                 83P    313
0.5569436121996,0.,0.52447975363398,0.49332754674578,0.,              83P    314
0.4652404646016,0.43490485532097,0.,0.39827764047788,                 83P    315
0.37132002267088,0.,0.33861985171311,0.31467171721899,0.,             83P    316
0.26913071719579,0.25042543518777,0.,0.21122310509802,                83P    317
0.19688686682842,0.,0.13802058716303,0.1302728054325,0.,              83P    318
0.09409907640204,0.09030436859495,0.,0.00592885375494,                83P    319
0.01049115454116,0.,0.,1.,0.,0.,1.;                                   83P    320
102,2,81,83;                                                          85P    321
110,-3.00262595155517,17.13457400995908,300.,-3.24681885624691,       87P    322
16.71161949218516,300.;                                               87P    323
126,11,3,0,0,1,0,0.,0.,0.,0.,0.34543710751121,0.44554715607167,       89P    324
0.49449652237291,0.49958482227177,0.50485697960156,                   89P    325
0.51712957703538,0.55419419244263,0.68764914695731,1.,1.,1.,1.,       89P    326
1.,1.,1.,1.,1.,1.,1.,1.,1.,1.,1.,1.,-3.24681885624691,                89P    327
16.71161949218516,300.,8.10123534908843,7.99822286087067,             89P    328
300.00000000000006,22.73803367849282,-3.24037601687353,               89P    329
300.00000000000011,41.55682356478078,-13.72272322775143,              89P    330
299.99999999999977,46.49260861605912,-16.55525882254407,              89P    331
300.00000000000006,49.64257795445708,-16.95032874064172,              89P    332
299.99999999999989,49.36753158557614,-15.69227309694273,300.,         89P    333
47.51943225420776,-14.43920186498108,299.99999999999972,              89P    334
40.32143669580576,-11.50627820432027,300.00000000000023,              89P    335
22.90769951518682,-1.31190367889069,299.99999999999972,               89P    336
7.67209694245083,9.53486099393824,299.99999999999989,                 89P    337
-3.00262595155517,17.13457400995908,300.,0.,1.;                       89P    338
102,2,87,89;                                                          91P    339
142,1,79,85,91,2;                                                     93P    340
144,79,1,0,93;                                                        95P    341
314,56.07843137254902,68.62745098039215,56.07843137254902,10HMix      97P    342
edColor;                                                              97P    343
314,56.07843137254902,68.62745098039215,56.07843137254902,10HMix      99P    344
edColor;                                                              99P    345
128,53,5,3,3,0,0,1,0,0,0.,0.,0.,0.,0.25,0.25,0.28125,0.28125,        101P    346
0.3125,0.3125,0.375,0.375,0.40625,0.40625,0.4375,0.4375,             101P    347
0.453125,0.453125,0.46875,0.46875,0.484375,0.484375,0.4921875,       101P    348
0.4921875,0.49609375,0.49609375,0.5,0.5,0.50390625,0.50390625,       101P    349
0.5078125,0.5078125,0.515625,0.515625,0.5234375,0.5234375,           101P    350
0.53125,0.53125,0.546875,0.546875,0.5625,0.5625,0.59375,0.59375,     101P    351
0.625,0.625,0.6875,0.6875,0.75,0.75,0.8125,0.8125,0.875,0.875,       101P    352
1.,1.,1.,1.,0.,0.,0.,0.,0.33424548589893,0.66715359921826,1.,1.,     101P    353
1.,1.,1.,1.,1.,1.,1.,1.,1.,1.,1.,1.,1.,1.,1.,1.,1.,1.,1.,1.,1.,      101P    354
1.,1.,1.,1.,1.,1.,1.,1.,1.,1.,1.,1.,1.,1.,1.,1.,1.,1.,1.,1.,1.,      101P    355
1.,1.,1.,1.,1.,1.,1.,1.,1.,1.,1.,1.,1.,1.,1.,1.,1.,1.,1.,1.,1.,      101P    356
1.,1.,1.,1.,1.,1.,1.,1.,1.,1.,1.,1.,1.,1.,1.,1.,1.,1.,1.,1.,1.,      101P    357
1.,1.,1.,1.,1.,1.,1.,1.,1.,1.,1.,1.,1.,1.,1.,1.,1.,1.,1.,1.,1.,      101P    358
1.,1.,1.,1.,1.,1.,1.,1.,1.,1.,1.,1.,1.,1.,1.,1.,1.,1.,1.,1.,1.,      101P    359
1.,1.,1.,1.,1.,1.,1.,1.,1.,1.,1.,1.,1.,1.,1.,1.,1.,1.,1.,1.,1.,      101P    360
1.,1.,1.,1.,1.,1.,1.,1.,1.,1.,1.,1.,1.,1.,1.,1.,1.,1.,1.,1.,1.,      101P    361
1.,1.,1.,1.,1.,1.,1.,1.,1.,1.,1.,1.,1.,1.,1.,1.,1.,1.,1.,1.,1.,      101P    362
1.,1.,1.,1.,1.,1.,1.,1.,1.,1.,1.,1.,1.,1.,1.,1.,1.,1.,1.,1.,1.,      101P    363
1.,1.,1.,1.,1.,1.,1.,1.,1.,1.,1.,1.,1.,1.,1.,1.,1.,1.,1.,1.,1.,      101P    364
1.,1.,1.,1.,1.,1.,1.,1.,1.,1.,1.,1.,1.,1.,1.,1.,1.,1.,1.,1.,1.,      101P    365
1.,1.,1.,1.,1.,1.,1.,1.,1.,1.,1.,1.,1.,1.,1.,1.,1.,1.,1.,1.,1.,      101P    366
1.,1.,1.,1.,1.,1.,1.,1.,1.,1.,1.,1.,1.,1.,1.,1.,1.,1.,1.,1.,1.,      101P    367
1.,1.,1.,1.,1.,1.,1.,1.,1.,1.,1.,1.,1.,1.,1.,1.,1.,1.,1.,1.,1.,      101P    368
1.,1.,1.,1.,1.,1.,1.,1.,1.,1.,1.,-33.01651170201362,                 101P    369
1.04550766361524,0.,-19.2625429360775,4.73179036589377,              101P    370
0.00000000000001,-5.50857417014137,8.41807306817229,                 101P    371
0.00000000000003,14.37620181748785,9.06923247806022,                 101P    372
0.00000000000003,16.64689305397376,9.09302923707311,                 101P    373
0.00000000000003,21.32613681213153,9.03137561040591,                 101P    374
0.00000000000003,23.73468933380341,8.94592522472582,                 101P    375
0.00000000000003,31.1901157074623,8.50749549319724,                  101P    376
0.00000000000003,36.46675836809263,7.97243757286045,                 101P    377
0.00000000000003,44.93316749978198,6.73286211358334,                 101P    378
0.00000000000003,47.87414447590627,6.24347528660316,                 101P    379
0.00000000000002,53.54732708782484,5.15784194124728,                 101P    380
0.00000000000002,56.27469955771536,4.5621990200273,                  101P    381
0.00000000000002,59.84404038399125,3.62652166899234,                 101P    382
0.00000000000002,60.94686767965657,3.30759372377986,                 101P    383
0.00000000000001,62.91896804072444,2.66183791088789,                 101P    384
0.00000000000001,63.788241106127,2.33501004320841,                   101P    385
0.00000000000001,65.23358473592657,1.67962545265047,                 101P    386
0.00000000000001,65.80965530032357,1.351068729772,                   101P    387
0.00000000000001,66.40912306810783,0.86156530450606,                 101P    388
0.00000000000001,66.56483931090071,0.69895277259271,                 101P    389
0.00000000000001,66.72666213000507,0.45644542704201,                 101P    390
0.00000000000001,66.76864447885904,0.37584488724499,                 101P    391
0.00000000000001,66.82775999064164,0.21521071468345,0.,              101P    392
66.84489315357025,0.13517708191894,0.,66.85337828927179,             101P    393
-0.02422685365153,0.,66.84460250294097,-0.1035929974746,0.,          101P    394
66.801693498858,-0.26160966682057,0.,66.76759892648428,              101P    395
-0.3402614503788,0.,66.62879679127738,-0.57509365607882,0.,          101P    396
66.48757081035852,-0.73015093324591,0.,66.1152126291511,             101P    397
-1.03698514561876,0.,65.88408042886253,-1.18876208082451,0.,         101P    398
65.33938603777455,-1.48875032057909,-0.,65.02582384697513,           101P    399
-1.63696162512793,-0.,63.97270663209885,-2.07581915974575,-0.,       101P    400
63.12072096554397,-2.36068901078605,-0.,61.17674441669686,           101P    401
-2.91274272589243,-0.00000000000001,60.08475353440465,               101P    402
-3.17992658995851,-0.00000000000001,56.53848781022808,               101P    403
-3.95152573734883,-0.00000000000001,53.8139198910438,                101P    404
-4.42598857586516,-0.00000000000001,48.12248116017467,               101P    405
-5.27678259022821,-0.00000000000001,45.15759266645991,               101P    406
-5.65300251473814,-0.00000000000002,36.60467919892528,               101P    407
-6.60777925454996,-0.00000000000002,31.28206783720481,               101P    408
-7.01673728787627,-0.00000000000002,21.2690633637126,                101P    409
-7.45538703250408,-0.00000000000002,16.57867025194085,               101P    410
-7.48507874380556,-0.00000000000002,7.70365862835643,                101P    411
-7.24104910878867,-0.00000000000002,3.51904011654373,                101P    412
-6.96732776247029,-0.00000000000002,-4.47086595711241,               101P    413
-6.19232527661863,-0.00000000000002,-8.27615351895585,               101P    414
-5.69104413708535,-0.00000000000002,-19.31268525451691,              101P    415
-3.95964092527061,-0.00000000000001,-26.16459847826524,              101P    416
-2.50195905977426,-0.00000000000001,-33.01651170201362,              101P    417
-1.0442771942779,-0.00000000000001,-30.49968723364481,               101P    418
5.27708658960512,33.29797197975181,-15.3407752696585,                101P    419
6.40319374733066,33.29797197975179,-0.18177674082421,                101P    420
7.52932825077186,33.29797197975177,18.51703596084632,                101P    421
7.3011199611083,33.2979719797518,20.61749346433378,                  101P    422
7.25496677628007,33.2979719797518,24.86931766325484,                 101P    423
7.11549670377611,33.2979719797518,27.0184064386191,                  101P    424
7.02494489973544,33.29797197975181,33.5841684739358,                 101P    425
6.63267060604965,33.29797197975181,38.12237089170306,                101P    426
6.20665048630957,33.29797197975183,45.39821730263265,                101P    427
5.05258084089883,33.29797197975182,47.91714674277622,                101P    428
4.58010820899727,33.29797197975184,52.9134100911254,                 101P    429
3.44819369969789,33.29797197975184,55.38659831147747,                101P    430
2.78663336031673,33.29797197975181,58.88493626515419,                101P    431
1.66395453860446,33.29797197975181,60.01598613119717,                101P    432
1.26831018924755,33.29797197975181,62.17915588501526,                101P    433
0.43687776754014,33.29797197975181,63.22240666055502,                101P    434
-0.00237078194961,33.29797197975181,65.12171709706682,               101P    435
-0.90086784583603,33.29797197975179,65.9566644693476,                101P    436
-1.35884201500793,33.29797197975179,66.86228180541725,               101P    437
-1.97269078316669,33.29797197975179,67.10671460562192,               101P    438
-2.16479178873911,33.29797197975178,67.36534049813002,               101P    439
-2.42402829982314,33.29797197975177,67.43359767318725,               101P    440
-2.50572022808656,33.29797197975178,67.53324799392954,               101P    441
-2.66523493468169,33.29797197975177,67.5644393828465,                101P    442
-2.74274500436877,33.29797197975179,67.58687641323363,               101P    443
-2.8951979786186,33.29797197975178,67.57856846963061,                101P    444
-2.97056824614304,33.29797197975176,67.52829640689522,               101P    445
-3.12325999253718,33.29797197975176,67.48638961814059,               101P    446
-3.20049637376753,33.29797197975176,67.31298956029572,               101P    447
-3.43427799573212,33.29797197975178,67.13311932286287,               101P    448
-3.59229821115313,33.29797197975176,66.6485822407022,                101P    449
-3.90065203696474,33.29797197975176,66.34391539597439,               101P    450
-4.05098564735535,33.29797197975176,65.61352888966817,               101P    451
-4.33194805651981,33.29797197975176,65.18748715133859,               101P    452
-4.46235651412909,33.29797197975178,63.76572281790242,               101P    453
-4.82811134514657,33.29797197975178,62.62640206258801,               101P    454
-5.03801519735183,33.29797197975176,60.17280199118341,               101P    455
-5.41561837070837,33.29797197975176,58.8694869977783,                101P    456
-5.58496255312001,33.29797197975178,54.90914331869816,               101P    457
-6.05318015795067,33.29797197975178,52.15949874552026,               101P    458
-6.30591009992364,33.29797197975178,46.72766571902545,               101P    459
-6.69122029316136,33.29797197975177,44.04900140505181,               101P    460
-6.82357372217987,33.29797197975176,36.44867673258749,               101P    461
-7.04482964711706,33.29797197975177,31.9180639595561,                101P    462
-6.96051775277908,33.29797197975176,23.41500764507798,               101P    463
-6.48081221892426,33.29797197975178,19.4402705132848,                101P    464
-6.08581062712818,33.29797197975175,11.53925423506236,               101P    465
-5.13496785938909,33.29797197975175,7.62809536445864,                101P    466
-4.57549820779127,33.29797197975176,-0.14436312507872,               101P    467
-3.33194430547682,33.29797197975176,-4.00408131616464,               101P    468
-2.64760850023778,33.29797197975178,-15.53021378205689,              101P    469
-0.46948337635705,33.29797197975177,-23.14360594949768,              101P    470
1.14942365044826,33.29797197975179,-30.75699811693849,               101P    471
2.76833067725357,33.29797197975179,-25.47610853621829,               101P    472
13.72331318039283,99.76068513566763,-7.51293159089479,               101P    473
9.73931294329307,99.76068513566754,10.45050470261205,                101P    474
5.75539463392546,99.76068513566746,26.78213607155605,                101P    475
3.77196944368283,99.76068513566754,28.54280724293247,                101P    476
3.5861962526989,99.76068513566754,31.94150250114649,                 101P    477
3.29140464524965,99.76068513566754,33.57270194211861,                101P    478
3.19067041612334,99.76068513566759,38.36269499786378,                101P    479
2.89052232242943,99.76068513566759,41.42697155389877,                101P    480
2.68214152524683,99.76068513566763,46.3264561656143,                 101P    481
1.69874138438188,99.76068513566763,48.00297921719147,                101P    482
1.26002946608947,99.76068513566767,51.64811250657838,                101P    483
0.03573780764812,99.76068513566767,53.61394926191938,                101P    484
-0.75739362134444,99.76068513566763,56.97056556486989,               101P    485
-2.25332715997816,99.76068513566763,58.1579476484027,                101P    486
-2.80209736234813,99.76068513566763,60.70249168684549,               101P    487
-4.00414007824907,99.76068513566763,62.09300176848969,               101P    488
-4.66778017724497,99.76068513566763,64.89842942064357,               101P    489
-6.05152945376707,99.76068513566754,66.25009459890855,               101P    490
-6.76782069448921,99.76068513566754,67.76678611547584,               101P    491
-7.62986262173841,99.76068513566754,68.18829706059041,               101P    492
-7.88082258627087,99.76068513566752,68.64014177447773,               101P    493
-8.17345049220788,99.7606851356675,68.76084347192899,                101P    494
-8.25732083057472,99.76068513566752,68.9414012239814,                101P    495
-8.41460108440924,99.7606851356675,69.00065281554109,                101P    496
-8.48707412514308,99.76068513566754,69.05093781141498,               101P    497
-8.62565298872057,99.76068513566754,69.04356368134988,               101P    498
-8.69304749182297,99.76068513566747,68.97859496214953,               101P    499
-8.83511069822854,99.76068513566746,68.92109499862883,               101P    500
-8.90952193806662,99.7606851356675,68.6786375276335,                 101P    501
-9.14120659612313,99.76068513566754,68.42163339936259,               101P    502
-9.30514083283613,99.76068513566746,67.71318736200386,               101P    503
-9.61652780529553,99.7606851356675,67.26174545291602,                101P    504
-9.76398054104194,99.7606851356675,66.16071770165443,                101P    505
-10.0069674145842,99.7606851356675,65.51016691791055,                101P    506
-10.10184141050848,99.76068513566754,63.35258336667041,              101P    507
-10.32168333057555,99.76068513566754,61.63974211000332,              101P    508
-10.38195513671956,99.7606851356675,58.168934083176,                 101P    509
-10.41135523262548,99.7606851356675,56.44381641096611,               101P    510
-10.38541152480109,99.76068513566754,51.65697361783546,              101P    511
-10.24807992524765,99.76068513566756,48.85727607259362,              101P    512
-10.05823126486151,99.76068513566754,43.94361572862622,              101P    513
-9.51443629514863,99.76068513566754,41.8362545429028,                101P    514
-9.16003248417544,99.76068513566752,36.13729599209886,               101P    515
-7.91718171989588,99.76068513566754,33.18751147647431,               101P    516
-6.84830362642942,99.76068513566756,27.698309922697,                 101P    517
-4.53556203001417,99.76068513566759,25.15202129054683,               101P    518
-3.2928731015786,99.7606851356675,19.19509858334893,                 101P    519
-0.93123214698549,99.7606851356675,15.82976483700335,                101P    520
0.19859078799322,99.76068513566756,8.49133147123393,                 101P    521
2.37737276996674,99.76068513566756,4.52296980779363,                 101P    522
3.42708547401667,99.76068513566759,-7.98040514363845,                101P    523
6.49686701229281,99.76068513566754,-17.11370839274144,               101P    524
8.43757927264535,99.76068513566759,-26.2470116418444,                101P    525
10.3782915329979,99.76068513566759,-14.85751819718098,               101P    526
15.5449202411063,200.01548902896374,-1.861909770805,                 101P    527
9.46334999918579,200.01548902896377,11.13266618329181,               101P    528
3.38145360070142,200.01548902896386,26.80513943283161,               101P    529
-3.59100379241714,200.01548902896371,28.56157259614124,              101P    530
-4.36715805114166,200.01548902896371,32.11326903573951,              101P    531
-5.91827302345102,200.01548902896371,33.91023527134617,              101P    532
-6.695300850673,200.01548902896366,39.3469127192984,                 101P    533
-8.9874553227459,200.01548902896366,43.03012042653446,               101P    534
-10.4609237553055,200.01548902896363,48.54029660569302,              101P    535
-12.40250650594165,200.01548902896363,50.37636692423168,             101P    536
-13.00515359008259,200.01548902896357,53.99947962172788,             101P    537
-14.08642185973859,200.01548902896357,55.80235117899607,             101P    538
-14.53557750350979,200.01548902896366,58.32568427863343,             101P    539
-15.283726648561,200.01548902896366,59.13451057014004,               101P    540
-15.54914981368406,200.0154890289636,60.6572116000558,               101P    541
-16.15348762506198,200.01548902896363,61.36322771464498,             101P    542
-16.48921649307947,200.01548902896357,62.69912685533574,             101P    543
-17.28247417939449,200.01548902896363,63.3862342460946,              101P    544
-17.69586473789967,200.01548902896363,64.23668695905265,             101P    545
-18.76244812075242,200.01548902896363,64.48583106053749,             101P    546
-19.19632617989572,200.0154890289636,64.78217048455639,              101P    547
-20.00978819508091,200.0154890289636,64.86742884417133,              101P    548
-20.30686980473237,200.0154890289636,64.97459274802034,              101P    549
-20.87379688484581,200.01548902896363,64.99845255473051,             101P    550
-21.14726534662222,200.01548902896357,64.97373483001647,             101P    551
-21.63925221900312,200.01548902896357,64.92223633814028,             101P    552
-21.85342165429103,200.0154890289636,64.71055925667294,              101P    553
-22.17879005134382,200.01548902896363,64.54996567671532,             101P    554
-22.29101273602777,200.01548902896371,63.92613413206973,             101P    555
-22.49008953252034,200.01548902896366,63.32916188997786,             101P    556
-22.44647890410904,200.01548902896366,62.01433425348701,             101P    557
-22.18540164799088,200.01548902896354,61.29647885908796,             101P    558
-21.96793502028402,200.0154890289636,59.98117085699878,              101P    559
-21.53794675175866,200.0154890289636,59.38755970834346,              101P    560
-21.328053153959,200.01548902896354,57.76372099942098,               101P    561
-20.71023440799502,200.01548902896357,56.88999966096407,             101P    562
-20.31383710116413,200.01548902896354,55.36692790481813,             101P    563
-19.52960889743282,200.01548902896354,54.71052418914285,             101P    564
-19.14006466400047,200.01548902896351,52.85213482894256,             101P    565
-17.96634181841374,200.01548902896351,51.78822479739615,             101P    566
-17.18362600359897,200.01548902896357,49.35171648852346,             101P    567
-15.65316182004223,200.01548902896357,47.95087326845965,             101P    568
-14.90734498664319,200.01548902896369,43.34264665683123,             101P    569
-12.70405680537213,200.01548902896363,39.73079242954446,             101P    570
-11.27965589067553,200.01548902896369,32.10567606953624,             101P    571
-8.40144032878991,200.01548902896366,28.09812255137173,              101P    572
-6.94785587757789,200.01548902896371,20.39524336513613,              101P    573
-3.89979467106339,200.01548902896371,16.72196453111948,              101P    574
-2.30272551090039,200.01548902896369,9.75195620733375,               101P    575
1.01835807949575,200.01548902896369,6.43636478396852,                101P    576
2.73937218018228,200.01548902896357,-3.1715840090719,                101P    577
8.02335909321879,200.01548902896371,-9.12511590169183,               101P    578
11.70727651654569,200.01548902896374,-15.07864779431176,             101P    579
15.39119393987259,200.01548902896383,-6.95401249326985,              101P    580
16.60472216667905,266.67388932390753,3.07366930666029,               101P    581
10.52241640198138,266.67388932390747,13.10100697043262,              101P    582
4.44000192514781,266.67388932390747,24.89178720251573,               101P    583
-2.17526982286644,266.67388932390747,26.20909565746276,              101P    584
-2.90701664479423,266.67388932390747,28.86161936648056,              101P    585
-4.36164736583358,266.67388932390747,30.19740219227189,              101P    586
-5.08522032732505,266.67388932390747,34.22828329885637,              101P    587
-7.2288547753601,266.67388932390747,36.94619213013753,               101P    588
-8.62086619379667,266.67388932390753,41.06260347595931,              101P    589
-10.54989456381132,266.67388932390753,42.44192662288636,             101P    590
-11.16648016194046,266.67388932390753,45.20367675612383,             101P    591
-12.32830174004743,266.67388932390753,46.59137980912865,             101P    592
-12.86371647975763,266.67388932390747,48.63067502065463,             101P    593
-13.66399055386047,266.67388932390747,49.30377685626095,             101P    594
-13.93007906460196,266.67388932390747,50.61866600926009,             101P    595
-14.48478642182882,266.67388932390742,51.25659996105604,             101P    596
-14.77394037285643,266.67388932390742,52.48689192189743,             101P    597
-15.41734709256054,266.67388932390742,53.10019970166091,             101P    598
-15.75399806048146,266.67388932390742,53.92546799958474,             101P    599
-16.45276015176214,266.67388932390742,54.1789382232088,              101P    600
-16.72607025551756,266.67388932390747,54.47441821565946,             101P    601
-17.27850627173203,266.67388932390747,54.56012946109219,             101P    602
-17.48891122327632,266.67388932390747,54.67632724105145,             101P    603
-17.92770234894361,266.67388932390742,54.70265528871995,             101P    604
-18.14825686144407,266.67388932390742,54.61111702362411,             101P    605
-18.46141945774322,266.67388932390742,54.48460249680545,             101P    606
-18.54370382898516,266.67388932390747,54.15874142310068,             101P    607
-18.63044377617618,266.67388932390742,53.96768315446161,             101P    608
-18.64273466476479,266.67388932390747,53.37404485527444,             101P    609
-18.64077704732996,266.67388932390747,52.93298290128812,             101P    610
-18.57225808105532,266.67388932390747,52.03508094195011,             101P    611
-18.36295882684373,266.67388932390747,51.57824093659839,             101P    612
-18.22217853890677,266.67388932390747,50.72361099888744,             101P    613
-17.93052309567772,266.67388932390747,50.32710147374037,             101P    614
-17.78052390058843,266.67388932390747,49.20988535243811,             101P    615
-17.32072015832863,266.67388932390742,48.56132838207405,             101P    616
-17.00099805901687,266.67388932390747,47.34752667150455,             101P    617
-16.34827448193264,266.67388932390747,46.77688124337399,             101P    618
-16.01599188111098,266.67388932390742,45.07554070538048,             101P    619
-15.01223391294883,266.67388932390742,43.97601287982543,             101P    620
-14.33117366551045,266.67388932390742,41.64800537354471,             101P    621
-12.9611113388017,266.67388932390742,40.41011129374293,              101P    622
-12.27275306485667,266.67388932390742,36.5539264914957,              101P    623
-10.19570510100542,266.67388932390742,33.80540982673634,             101P    624
-8.79623325879831,266.67388932390742,28.25093358288734,              101P    625
-5.94769747014505,266.67388932390747,25.43622461863013,              101P    626
-4.49731461525277,266.67388932390747,19.95491394736819,              101P    627
-1.51552418320108,266.67388932390747,17.29566073089083,              101P    628
0.01674747550916,266.67388932390753,12.13569129348589,               101P    629
3.14915091035137,266.67388932390753,9.62868814990913,                101P    630
4.74828263844026,266.67388932390753,2.25364186943028,                101P    631
9.61153784404252,266.67388932390747,-2.46843811722038,               101P    632
12.94152134289145,266.67388932390753,-7.19051810387104,              101P    633
16.27150484174039,266.67388932390753,-3.00262595155517,              101P    634
17.13457400995908,300.,5.54123009207403,11.0519005179627,            101P    635
299.99999999999989,14.08508613570322,4.96922702596632,               101P    636
299.99999999999983,23.93519976705799,-1.4674684542709,               101P    637
299.99999999999989,25.03296622029563,-2.17701361598811,              101P    638
299.99999999999994,27.23594523871691,-3.58340668322694,              101P    639
299.99999999999994,28.34115773444513,-4.28025468936952,              101P    640
299.99999999999994,31.66920582593817,-6.34963600896463,300.,         101P    641
33.90450995873815,-7.70092269569452,300.00000000000006,              101P    642
37.32410348584983,-9.62367445726656,300.00000000000006,              101P    643
38.47507421620568,-10.2472286663701,300.00000000000011,              101P    644
40.80618298958879,-11.4493231652325,300.00000000000011,              101P    645
41.98632103261604,-12.02786345499136,300.,43.78361973418609,         101P    646
-12.8541975777433,299.99999999999994,44.38886563237461,              101P    647
-13.1206187304567,299.99999999999994,45.59985847854239,              101P    648
-13.65051316087126,299.99999999999983,46.20375450440141,             101P    649
-13.91638181204969,299.99999999999983,47.38124776998043,             101P    650
-14.48486999371362,299.99999999999983,47.95765916469711,             101P    651
-14.78315472305497,299.99999999999989,48.77033642234654,             101P    652
-15.29802321626374,299.99999999999989,49.02596950653387,             101P    653
-15.49105678429953,299.99999999999994,49.32101982303317,             101P    654
-15.91299189901404,299.99999999999994,49.40695749038455,             101P    655
-16.08006253877868,300.,49.52767178969849,-16.45479162604474,        101P    656
299.99999999999989,49.55523384344856,-16.6488916163533,              101P    657
299.99999999999989,49.43028840514805,-16.87265036272651,             101P    658
299.99999999999989,49.26626933768767,-16.88899831453035,             101P    659
299.99999999999994,48.88332156004303,-16.85643509669836,             101P    660
299.99999999999983,48.67703235903507,-16.81876471885996,300.,        101P    661
48.09848928318608,-16.71629921196778,300.,47.73537524715093,         101P    662
-16.63532723120858,300.,47.04591680279408,-16.45191457815288,        101P    663
300.,46.71957239447239,-16.34947390585637,300.,                      101P    664
46.09526013752765,-16.12697846385092,300.,45.79729228890461,         101P    665
-16.00692369414196,299.99999999999994,44.93336398056116,             101P    666
-15.62612013008368,299.99999999999989,44.39737875836646,             101P    667
-15.34473208080295,299.99999999999994,43.33819773659351,             101P    668
-14.75775472208982,299.99999999999994,42.81042747752585,             101P    669
-14.45410028362178,299.99999999999994,41.18760407176556,             101P    670
-13.53531687667079,299.99999999999989,40.0702690000132,              101P    671
-12.90507970140691,299.99999999999983,37.79650686625305,             101P    672
-11.61521086884616,299.99999999999983,36.64007980424527,             101P    673
-10.95557921154929,299.99999999999983,33.159881051192,               101P    674
-8.94164550544938,299.99999999999983,30.84299315388445,              101P    675
-7.55463704407891,299.99999999999989,26.32374099846462,              101P    676
-4.72093976644911,300.,24.10539902541923,-3.27215756132969,300.,     101P    677
19.73476964679177,-0.32349944500364,300.,17.58248224120968,          101P    678
1.17637646620299,300.00000000000006,13.32744835564294,               101P    679
4.21444856818168,300.00000000000006,11.2247018756583,                101P    680
5.75264475895373,300.00000000000006,4.96600336130183,                101P    681
10.40555361083529,299.99999999999994,0.85959225252746,               101P    682
13.55858655151023,300.,-3.2468188562469,16.71161949218516,300.,      101P    683
0.,1.,0.,1.;                                                         101P    684
126,42,2,0,0,1,0,0.,0.,0.,0.125,0.125,0.25,0.25,0.3125,0.3125,       103P    685
0.375,0.375,0.4375,0.4375,0.453125,0.453125,0.46875,0.46875,         103P    686
0.484375,0.484375,0.4921875,0.4921875,0.49609375,0.49609375,0.5,     103P    687
0.5,0.50390625,0.50390625,0.5078125,0.5078125,0.515625,0.515625,     103P    688
0.53125,0.53125,0.546875,0.546875,0.5625,0.5625,0.625,0.625,         103P    689
0.75,0.75,0.875,0.875,1.,1.,1.,1.,1.,1.,1.,1.,1.,1.,1.,1.,1.,1.,     103P    690
1.,1.,1.,1.,1.,1.,1.,1.,1.,1.,1.,1.,1.,1.,1.,1.,1.,1.,1.,1.,1.,      103P    691
1.,1.,1.,1.,1.,1.,1.,1.,1.,1.,1.,-3.2468188562469,                   103P    692
16.71161949218516,300.,4.9656365701796,10.40583524471464,300.,       103P    693
9.13846903753948,7.30361437624758,299.99999999999994,                103P    694
16.09203036105541,2.1341082394185,299.99999999999994,                103P    695
21.9200843361055,-1.79782850316667,299.99999999999994,               103P    696
25.31887041885226,-4.09084293579712,299.99999999999994,              103P    697
28.58336707617453,-6.13778840526401,299.99999999999994,              103P    698
31.79942345061168,-8.15436024350998,299.99999999999994,              103P    699
35.4800135532275,-10.28426797618265,299.99999999999989,              103P    700
37.04701026145208,-11.19106778623162,299.99999999999989,             103P    701
42.2694863422724,-14.14783914797145,299.99999999999989,              103P    702
43.74282377112263,-14.98198790200835,299.99999999999989,             103P    703
43.86778824747999,-15.05124340144639,299.99999999999989,             103P    704
44.79487934166358,-15.56503867050063,299.99999999999989,             103P    705
45.50931618612346,-15.87998917278921,299.99999999999989,             103P    706
46.44237765167605,-16.29131759113818,299.99999999999989,             103P    707
47.39064602497248,-16.54362090468072,299.99999999999989,             103P    708
47.92223903776348,-16.68506048271599,299.99999999999989,             103P    709
48.48418466708542,-16.78460954989589,299.99999999999989,             103P    710
48.89490063727472,-16.85736817559706,299.99999999999989,             103P    711
49.07479544886534,-16.87271670561435,299.99999999999989,             103P    712
49.41361862389781,-16.90162491940084,299.99999999999989,             103P    713
49.49276112429833,-16.7607709895399,299.99999999999989,              103P    714
49.57752193547869,-16.60991786647028,299.99999999999989,             103P    715
49.46731464004152,-16.26742708241171,299.99999999999989,             103P    716
49.38086723747849,-15.99877482517053,299.99999999999989,             103P    717
49.22266971753341,-15.77234686077588,299.99999999999989,             103P    718
48.98742205030072,-15.43563709163043,299.99999999999989,             103P    719
48.49944400313006,-15.12640038519415,299.99999999999989,             103P    720
47.82596356491366,-14.69960890600602,299.99999999999989,             103P    721
46.79250113719092,-14.20062590288166,299.99999999999989,             103P    722
46.16837577826009,-13.89928166667985,299.99999999999989,             103P    723
44.9943620554585,-13.38556594566398,299.99999999999989,              103P    724
43.85519513048082,-12.88709821325465,299.99999999999989,             103P    725
43.18452016699607,-12.57875287015932,299.99999999999989,             103P    726
39.86754882343891,-11.05376278904417,299.99999999999989,             103P    727
36.18423897681259,-8.98275720340921,299.99999999999989,              103P    728
30.82221421129293,-5.96786470125507,299.99999999999994,              103P    729
22.84074269690746,-0.75228006757787,299.99999999999994,              103P    730
17.00419680629915,3.06167817382446,299.99999999999994,               103P    731
9.8396331785855,8.05570957177103,299.99999999999994,                 103P    732
5.54161162193234,11.05162889335389,300.,-3.00262595155517,           103P    733
17.13457400995908,300.,0.,1.;                                        103P    734
502,4,-3.00262595155517,17.13457400995908,300.,                      105P    735
-33.01651170201362,-1.0442771942779,-0.00000000000001,               105P    736
-3.2468188562469,16.71161949218516,300.,-33.01651170201362,          105P    737
1.04550766361524,0.;                                                 105P    738
126,5,3,0,0,1,0,-1.,-1.,-1.,-1.,-0.66575451410107,                   107P    739
-0.33284640078174,0.,0.,0.,0.,1.,1.,1.,1.,1.,1.,                     107P    740
-33.01651170201362,-1.0442771942779,-0.00000000000001,               107P    741
-30.75699811693849,2.76833067725357,33.29797197975179,               107P    742
-26.2470116418444,10.3782915329979,99.76068513566759,                107P    743
-15.07864779431176,15.39119393987259,200.01548902896383,             107P    744
-7.19051810387104,16.27150484174039,266.67388932390753,              107P    745
-3.2468188562469,16.71161949218516,300.,-1.,0.;                      107P    746
126,53,3,0,0,1,0,-1.,-1.,-1.,-1.,-0.875,-0.875,-0.8125,-0.8125,      109P    747
-0.75,-0.75,-0.6875,-0.6875,-0.625,-0.625,-0.59375,-0.59375,         109P    748
-0.5625,-0.5625,-0.546875,-0.546875,-0.53125,-0.53125,               109P    749
-0.5234375,-0.5234375,-0.515625,-0.515625,-0.5078125,-0.5078125,     109P    750
-0.50390625,-0.50390625,-0.5,-0.5,-0.49609375,-0.49609375,           109P    751
-0.4921875,-0.4921875,-0.484375,-0.484375,-0.46875,-0.46875,         109P    752
-0.453125,-0.453125,-0.4375,-0.4375,-0.40625,-0.40625,-0.375,        109P    753
-0.375,-0.3125,-0.3125,-0.28125,-0.28125,-0.25,-0.25,0.,0.,0.,       109P    754
0.,1.,1.,1.,1.,1.,1.,1.,1.,1.,1.,1.,1.,1.,1.,1.,1.,1.,1.,1.,1.,      109P    755
1.,1.,1.,1.,1.,1.,1.,1.,1.,1.,1.,1.,1.,1.,1.,1.,1.,1.,1.,1.,1.,      109P    756
1.,1.,1.,1.,1.,1.,1.,1.,1.,1.,1.,1.,1.,-33.01651170201362,           109P    757
-1.0442771942779,-0.00000000000001,-26.16459847826524,               109P    758
-2.50195905977426,-0.00000000000001,-19.31268525451691,              109P    759
-3.95964092527061,-0.00000000000001,-8.27615351895585,               109P    760
-5.69104413708535,-0.00000000000002,-4.47086595711241,               109P    761
-6.19232527661863,-0.00000000000002,3.51904011654373,                109P    762
-6.96732776247029,-0.00000000000002,7.70365862835643,                109P    763
-7.24104910878867,-0.00000000000002,16.57867025194085,               109P    764
-7.48507874380556,-0.00000000000002,21.2690633637126,                109P    765
-7.45538703250408,-0.00000000000002,31.28206783720481,               109P    766
-7.01673728787627,-0.00000000000002,36.60467919892528,               109P    767
-6.60777925454996,-0.00000000000002,45.15759266645991,               109P    768
-5.65300251473814,-0.00000000000002,48.12248116017467,               109P    769
-5.27678259022821,-0.00000000000001,53.8139198910438,                109P    770
-4.42598857586516,-0.00000000000001,56.53848781022808,               109P    771
-3.95152573734883,-0.00000000000001,60.08475353440465,               109P    772
-3.17992658995851,-0.00000000000001,61.17674441669686,               109P    773
-2.91274272589243,-0.00000000000001,63.12072096554397,               109P    774
-2.36068901078605,-0.,63.97270663209885,-2.07581915974575,-0.,       109P    775
65.02582384697513,-1.63696162512793,-0.,65.33938603777455,           109P    776
-1.48875032057909,-0.,65.88408042886253,-1.18876208082451,0.,        109P    777
66.1152126291511,-1.03698514561876,0.,66.48757081035852,             109P    778
-0.73015093324591,0.,66.62879679127738,-0.57509365607882,0.,         109P    779
66.76759892648428,-0.3402614503788,0.,66.801693498858,               109P    780
-0.26160966682057,0.,66.84460250294097,-0.1035929974746,0.,          109P    781
66.85337828927179,-0.02422685365153,0.,66.84489315357025,            109P    782
0.13517708191894,0.,66.82775999064164,0.21521071468345,0.,           109P    783
66.76864447885904,0.37584488724499,0.00000000000001,                 109P    784
66.72666213000507,0.45644542704201,0.00000000000001,                 109P    785
66.56483931090071,0.69895277259271,0.00000000000001,                 109P    786
66.40912306810783,0.86156530450606,0.00000000000001,                 109P    787
65.80965530032357,1.351068729772,0.00000000000001,                   109P    788
65.23358473592657,1.67962545265047,0.00000000000001,                 109P    789
63.788241106127,2.33501004320841,0.00000000000001,                   109P    790
62.91896804072444,2.66183791088789,0.00000000000001,                 109P    791
60.94686767965657,3.30759372377986,0.00000000000001,                 109P    792
59.84404038399125,3.62652166899234,0.00000000000002,                 109P    793
56.27469955771536,4.5621990200273,0.00000000000002,                  109P    794
53.54732708782484,5.15784194124728,0.00000000000002,                 109P    795
47.87414447590627,6.24347528660316,0.00000000000002,                 109P    796
44.93316749978198,6.73286211358334,0.00000000000003,                 109P    797
36.46675836809263,7.97243757286045,0.00000000000003,                 109P    798
31.1901157074623,8.50749549319724,0.00000000000003,                  109P    799
23.73468933380341,8.94592522472582,0.00000000000003,                 109P    800
21.32613681213153,9.03137561040591,0.00000000000003,                 109P    801
16.64689305397376,9.09302923707311,0.00000000000003,                 109P    802
14.37620181748785,9.06923247806022,0.00000000000003,                 109P    803
-5.50857417014137,8.41807306817229,0.00000000000003,                 109P    804
-19.2625429360775,4.73179036589377,0.00000000000001,                 109P    805
-33.01651170201362,1.04550766361524,0.,-1.,0.;                       109P    806
126,5,3,0,0,1,0,-1.,-1.,-1.,-1.,-0.66575451410107,                   111P    807
-0.33284640078174,0.,0.,0.,0.,1.,1.,1.,1.,1.,1.,                     111P    808
-33.01651170201362,1.04550766361524,0.,-30.49968723364481,           111P    809
5.27708658960512,33.29797197975181,-25.47610853621829,               111P    810
13.72331318039283,99.76068513566763,-14.85751819718098,              111P    811
15.5449202411063,200.01548902896374,-6.95401249326985,               111P    812
16.60472216667905,266.67388932390753,-3.00262595155517,              111P    813
17.13457400995908,300.,-1.,0.;                                       111P    814
110,-3.2468188562469,16.71161949218516,300.,-3.00262595155517,       113P    815
17.13457400995908,300.;                                              113P    816
110,-33.01651170201362,-1.0442771942779,-0.00000000000001,           115P    817
-33.01651170201362,1.04550766361524,0.;                              115P    818
504,6,103,105,3,105,1,107,105,2,105,3,109,105,2,105,4,111,105,4,     117P    819
105,1,113,105,3,105,1,115,105,2,105,4;                               117P    820
508,4,0,117,2,0,0,0,117,3,1,0,0,117,4,1,0,0,117,1,0,0;               119P    821
510,101,1,1,119;                                                     121P    822
314,56.07843137254902,68.62745098039215,56.07843137254902,10HMix     123P    823
edColor;                                                             123P    824
110,-3.56351061856372,17.33870447889388,300.,-3.56351061856371,      125P    825
-17.0913012814424,299.99999999999989;                                125P    826
122,125,49.85183329220532,17.33870447889388,300.;                    127P    827
508,2,0,117,5,0,0,0,117,1,1,0;                                       129P    828
510,127,1,1,129;                                                     131P    829
314,56.07843137254902,68.62745098039215,56.07843137254902,10HMix     133P    830
edColor;                                                             133P    831
110,-33.01651170201362,9.20882721947123,0.00000000000003,            135P    832
-33.01651170201362,-7.55737175650288,-0.00000000000003;              135P    833
122,135,67.47245544404522,9.20882721947123,0.00000000000004;         137P    834
508,2,0,117,6,1,0,0,117,3,0,0;                                       139P    835
510,137,1,1,139;                                                     141P    836
314,56.07843137254902,68.62745098039215,56.07843137254902,10HMix     143P    837
edColor;                                                             143P    838
128,3,5,3,3,0,0,1,0,0,0.,0.,0.,0.,1.,1.,1.,1.,0.,0.,0.,0.,           145P    839
0.33424548589893,0.66715359921826,1.,1.,1.,1.,1.,1.,1.,1.,1.,1.,     145P    840
1.,1.,1.,1.,1.,1.,1.,1.,1.,1.,1.,1.,1.,1.,1.,1.,1.,1.,               145P    841
-33.01651170201362,-1.0442771942779,-0.00000000000001,               145P    842
-33.01651170201362,-0.34768224164685,-0.,-33.01651170201362,         145P    843
0.3489127109842,-0.,-33.01651170201362,1.04550766361524,0.,          145P    844
-30.75699811693849,2.76833067725357,33.29797197975179,               145P    845
-30.67122782250727,3.60458264803742,33.29797197975179,               145P    846
-30.58545752807603,4.44083461882127,33.29797197975179,               145P    847
-30.49968723364481,5.27708658960512,33.29797197975181,               145P    848
-26.2470116418444,10.3782915329979,99.76068513566759,                145P    849
-25.99004393996902,11.49329874879622,99.76068513566759,              145P    850
-25.73307623809365,12.60830596459453,99.76068513566759,              145P    851
-25.47610853621829,13.72331318039283,99.76068513566763,              145P    852
-15.07864779431176,15.39119393987259,200.01548902896383,             145P    853
-15.0049379286015,15.44243604028383,200.0154890289638,               145P    854
-14.93122806289125,15.49367814069506,200.0154890289638,              145P    855
-14.85751819718098,15.5449202411063,200.01548902896374,              145P    856
-7.19051810387104,16.27150484174039,266.67388932390753,              145P    857
-7.1116829003373,16.38257728338662,266.67388932390753,               145P    858
-7.03284769680358,16.49364972503283,266.67388932390753,              145P    859
-6.95401249326985,16.60472216667905,266.67388932390753,              145P    860
-3.2468188562469,16.71161949218516,300.,-3.16542122134965,           145P    861
16.85260433144314,300.,-3.08402358645241,16.9935891707011,300.,      145P    862
-3.00262595155517,17.13457400995908,300.,0.,1.,0.,1.;                145P    863
508,4,0,117,5,1,0,0,117,4,0,0,0,117,6,0,0,0,117,2,1,0;               147P    864
510,145,1,1,147;                                                     149P    865
514,4,121,0,131,1,141,0,149,0;                                       151P    866
186,151,1,0;                                                         153P    867
314,100.,50.19607843137255,50.19607843137255,10HMixedColor;          155P    868
314,100.,50.19607843137255,50.19607843137255,10HMixedColor;          157P    869
128,53,5,3,3,0,0,1,0,0,-1.,-1.,-1.,-1.,-0.875,-0.875,-0.8125,        159P    870
-0.8125,-0.75,-0.75,-0.6875,-0.6875,-0.625,-0.625,-0.59375,          159P    871
-0.59375,-0.5625,-0.5625,-0.546875,-0.546875,-0.53125,-0.53125,      159P    872
-0.5234375,-0.5234375,-0.515625,-0.515625,-0.5078125,-0.5078125,     159P    873
-0.50390625,-0.50390625,-0.5,-0.5,-0.49609375,-0.49609375,           159P    874
-0.4921875,-0.4921875,-0.484375,-0.484375,-0.46875,-0.46875,         159P    875
-0.453125,-0.453125,-0.4375,-0.4375,-0.40625,-0.40625,-0.375,        159P    876
-0.375,-0.3125,-0.3125,-0.28125,-0.28125,-0.25,-0.25,0.,0.,0.,       159P    877
0.,0.,0.,0.,0.,0.33424548589893,0.66715359921826,1.,1.,1.,1.,1.,     159P    878
1.,1.,1.,1.,1.,1.,1.,1.,1.,1.,1.,1.,1.,1.,1.,1.,1.,1.,1.,1.,1.,      159P    879
1.,1.,1.,1.,1.,1.,1.,1.,1.,1.,1.,1.,1.,1.,1.,1.,1.,1.,1.,1.,1.,      159P    880
1.,1.,1.,1.,1.,1.,1.,1.,1.,1.,1.,1.,1.,1.,1.,1.,1.,1.,1.,1.,1.,      159P    881
1.,1.,1.,1.,1.,1.,1.,1.,1.,1.,1.,1.,1.,1.,1.,1.,1.,1.,1.,1.,1.,      159P    882
1.,1.,1.,1.,1.,1.,1.,1.,1.,1.,1.,1.,1.,1.,1.,1.,1.,1.,1.,1.,1.,      159P    883
1.,1.,1.,1.,1.,1.,1.,1.,1.,1.,1.,1.,1.,1.,1.,1.,1.,1.,1.,1.,1.,      159P    884
1.,1.,1.,1.,1.,1.,1.,1.,1.,1.,1.,1.,1.,1.,1.,1.,1.,1.,1.,1.,1.,      159P    885
1.,1.,1.,1.,1.,1.,1.,1.,1.,1.,1.,1.,1.,1.,1.,1.,1.,1.,1.,1.,1.,      159P    886
1.,1.,1.,1.,1.,1.,1.,1.,1.,1.,1.,1.,1.,1.,1.,1.,1.,1.,1.,1.,1.,      159P    887
1.,1.,1.,1.,1.,1.,1.,1.,1.,1.,1.,1.,1.,1.,1.,1.,1.,1.,1.,1.,1.,      159P    888
1.,1.,1.,1.,1.,1.,1.,1.,1.,1.,1.,1.,1.,1.,1.,1.,1.,1.,1.,1.,1.,      159P    889
1.,1.,1.,1.,1.,1.,1.,1.,1.,1.,1.,1.,1.,1.,1.,1.,1.,1.,1.,1.,1.,      159P    890
1.,1.,1.,1.,1.,1.,1.,1.,1.,1.,1.,1.,1.,1.,1.,1.,1.,1.,1.,1.,1.,      159P    891
1.,1.,1.,1.,1.,1.,1.,1.,1.,1.,1.,1.,1.,1.,1.,1.,1.,1.,1.,1.,1.,      159P    892
1.,1.,1.,1.,1.,1.,1.,1.,1.,1.,1.,1.,1.,1.,1.,1.,1.,1.,1.,1.,1.,      159P    893
1.,1.,1.,1.,1.,1.,1.,1.,-33.01651170201362,-1.0442771942779,0.,      159P    894
-26.16459847826524,-2.50195905977426,0.,-19.31268525451692,          159P    895
-3.95964092527061,-0.00000000000003,-8.27615351895585,               159P    896
-5.69104413708535,-0.00000000000003,-4.47086595711241,               159P    897
-6.19232527661863,-0.00000000000003,3.51904011654373,                159P    898
-6.96732776247029,-0.00000000000003,7.70365862835643,                159P    899
-7.24104910878867,-0.00000000000003,16.57867025194085,               159P    900
-7.48507874380556,-0.00000000000003,21.2690633637126,                159P    901
-7.45538703250408,-0.00000000000003,31.28206783720481,               159P    902
-7.01673728787627,-0.00000000000003,36.60467919892528,               159P    903
-6.60777925454996,-0.00000000000003,45.15759266645991,               159P    904
-5.65300251473814,-0.00000000000003,48.12248116017467,               159P    905
-5.27678259022821,-0.00000000000003,53.8139198910438,                159P    906
-4.42598857586516,0.,56.53848781022808,-3.95152573734883,0.,         159P    907
60.08475353440465,-3.17992658995851,0.,61.17674441669686,            159P    908
-2.91274272589243,0.,63.12072096554397,-2.36068901078605,0.,         159P    909
63.97270663209885,-2.07581915974575,0.,65.02582384697513,            159P    910
-1.63696162512793,0.,65.33938603777455,-1.48875032057909,0.,         159P    911
65.88408042886253,-1.18876208082451,0.,66.1152126291511,             159P    912
-1.03698514561876,0.,66.48757081035852,-0.73015093324591,0.,         159P    913
66.62879679127738,-0.57509365607882,0.,66.76759892648428,            159P    914
-0.3402614503788,0.,66.801693498858,-0.26160966682057,0.,            159P    915
66.84460250294097,-0.1035929974746,0.,66.85337828927179,             159P    916
-0.02422685365153,0.,66.84489315357025,0.13517708191894,0.,          159P    917
66.82775999064164,0.21521071468345,0.,66.76864447885904,             159P    918
0.37584488724499,0.,66.72666213000507,0.45644542704201,0.,           159P    919
66.56483931090071,0.69895277259271,0.,66.40912306810783,             159P    920
0.86156530450606,0.,65.80965530032357,1.351068729772,0.,             159P    921
65.23358473592657,1.67962545265047,0.,63.788241106127,               159P    922
2.33501004320841,0.,62.91896804072444,2.66183791088789,0.,           159P    923
60.94686767965657,3.30759372377986,0.00000000000003,                 159P    924
59.84404038399125,3.62652166899234,0.00000000000003,                 159P    925
56.27469955771536,4.5621990200273,0.00000000000003,                  159P    926
53.54732708782484,5.15784194124727,0.00000000000003,                 159P    927
47.87414447590627,6.24347528660316,0.00000000000003,                 159P    928
44.93316749978198,6.73286211358334,0.00000000000003,                 159P    929
36.46675836809263,7.97243757286045,0.00000000000003,                 159P    930
31.1901157074623,8.50749549319724,0.00000000000003,                  159P    931
23.73468933380341,8.94592522472582,0.00000000000003,                 159P    932
21.32613681213153,9.03137561040591,0.00000000000003,                 159P    933
16.64689305397376,9.09302923707311,0.00000000000003,                 159P    934
14.37620181748785,9.06923247806022,0.00000000000003,                 159P    935
-5.50857417014137,8.41807306817229,0.00000000000003,                 159P    936
-19.2625429360775,4.73179036589377,0.00000000000003,                 159P    937
-33.01651170201362,1.04550766361524,0.,-30.75699811693849,           159P    938
2.76833067725357,33.29797197975179,-23.14360594949768,               159P    939
1.14942365044826,33.29797197975179,-15.53021378205689,               159P    940
-0.46948337635705,33.29797197975176,-4.00408131616464,               159P    941
-2.64760850023778,33.29797197975179,-0.14436312507872,               159P    942
-3.33194430547682,33.29797197975176,7.62809536445864,                159P    943
-4.57549820779127,33.29797197975176,11.53925423506236,               159P    944
-5.13496785938909,33.29797197975175,19.4402705132848,                159P    945
-6.08581062712818,33.29797197975175,23.41500764507798,               159P    946
-6.48081221892426,33.29797197975178,31.9180639595561,                159P    947
-6.96051775277908,33.29797197975176,36.44867673258749,               159P    948
-7.04482964711706,33.29797197975176,44.04900140505181,               159P    949
-6.82357372217987,33.29797197975176,46.72766571902545,               159P    950
-6.69122029316136,33.29797197975176,52.15949874552026,               159P    951
-6.30591009992364,33.29797197975178,54.90914331869816,               159P    952
-6.05318015795067,33.29797197975178,58.8694869977783,                159P    953
-5.58496255312001,33.29797197975178,60.17280199118341,               159P    954
-5.41561837070837,33.29797197975176,62.62640206258801,               159P    955
-5.03801519735183,33.29797197975176,63.76572281790242,               159P    956
-4.82811134514657,33.29797197975179,65.18748715133859,               159P    957
-4.46235651412909,33.29797197975179,65.61352888966817,               159P    958
-4.33194805651981,33.29797197975176,66.34391539597439,               159P    959
-4.05098564735535,33.29797197975176,66.6485822407022,                159P    960
-3.90065203696474,33.29797197975176,67.13311932286287,               159P    961
-3.59229821115313,33.29797197975176,67.31298956029572,               159P    962
-3.43427799573212,33.29797197975179,67.48638961814059,               159P    963
-3.20049637376753,33.29797197975176,67.52829640689522,               159P    964
-3.12325999253718,33.29797197975176,67.57856846963061,               159P    965
-2.97056824614304,33.29797197975176,67.58687641323363,               159P    966
-2.8951979786186,33.29797197975179,67.5644393828465,                 159P    967
-2.74274500436877,33.29797197975179,67.53324799392954,               159P    968
-2.66523493468169,33.29797197975176,67.43359767318725,               159P    969
-2.50572022808656,33.29797197975178,67.36534049813002,               159P    970
-2.42402829982314,33.29797197975176,67.10671460562192,               159P    971
-2.16479178873911,33.29797197975178,66.86228180541725,               159P    972
-1.97269078316669,33.29797197975179,65.9566644693476,                159P    973
-1.35884201500793,33.29797197975179,65.12171709706682,               159P    974
-0.90086784583603,33.29797197975179,63.22240666055502,               159P    975
-0.00237078194961,33.29797197975181,62.17915588501526,               159P    976
0.43687776754014,33.29797197975181,60.01598613119717,                159P    977
1.26831018924755,33.29797197975181,58.88493626515419,                159P    978
1.66395453860446,33.29797197975181,55.38659831147747,                159P    979
2.78663336031673,33.29797197975181,52.9134100911254,                 159P    980
3.44819369969789,33.29797197975184,47.91714674277622,                159P    981
4.58010820899727,33.29797197975184,45.39821730263265,                159P    982
5.05258084089883,33.29797197975181,38.12237089170306,                159P    983
6.20665048630957,33.29797197975183,33.5841684739358,                 159P    984
6.63267060604965,33.29797197975181,27.0184064386191,                 159P    985
7.02494489973544,33.29797197975181,24.86931766325484,                159P    986
7.11549670377612,33.2979719797518,20.61749346433378,                 159P    987
7.25496677628007,33.2979719797518,18.51703596084632,                 159P    988
7.3011199611083,33.2979719797518,-0.18177674082421,                  159P    989
7.52932825077186,33.29797197975176,-15.3407752696585,                159P    990
6.40319374733066,33.29797197975179,-30.49968723364481,               159P    991
5.27708658960512,33.29797197975181,-26.2470116418444,                159P    992
10.3782915329979,99.76068513566759,-17.11370839274144,               159P    993
8.43757927264535,99.76068513566759,-7.98040514363845,                159P    994
6.49686701229281,99.76068513566754,4.52296980779363,                 159P    995
3.42708547401667,99.76068513566759,8.49133147123393,                 159P    996
2.37737276996674,99.76068513566756,15.82976483700335,                159P    997
0.19859078799322,99.76068513566756,19.19509858334893,                159P    998
-0.93123214698549,99.7606851356675,25.15202129054683,                159P    999
-3.2928731015786,99.7606851356675,27.698309922697,                   159P   1000
-4.53556203001417,99.76068513566759,33.18751147647431,               159P   1001
-6.84830362642942,99.76068513566756,36.13729599209886,               159P   1002
-7.91718171989588,99.76068513566754,41.8362545429028,                159P   1003
-9.16003248417544,99.76068513566752,43.94361572862622,               159P   1004
-9.51443629514863,99.76068513566754,48.85727607259362,               159P   1005
-10.05823126486151,99.76068513566754,51.65697361783546,              159P   1006
-10.24807992524765,99.76068513566756,56.44381641096611,              159P   1007
-10.38541152480109,99.76068513566754,58.168934083176,                159P   1008
-10.41135523262548,99.7606851356675,61.63974211000332,               159P   1009
-10.38195513671956,99.7606851356675,63.35258336667041,               159P   1010
-10.32168333057555,99.76068513566754,65.51016691791055,              159P   1011
-10.10184141050848,99.76068513566754,66.16071770165443,              159P   1012
-10.0069674145842,99.7606851356675,67.26174545291602,                159P   1013
-9.76398054104194,99.7606851356675,67.71318736200386,                159P   1014
-9.61652780529553,99.7606851356675,68.42163339936259,                159P   1015
-9.30514083283613,99.76068513566746,68.6786375276335,                159P   1016
-9.14120659612313,99.76068513566754,68.92109499862883,               159P   1017
-8.90952193806662,99.7606851356675,68.97859496214953,                159P   1018
-8.83511069822854,99.76068513566746,69.04356368134988,               159P   1019
-8.69304749182297,99.76068513566747,69.05093781141498,               159P   1020
-8.62565298872057,99.76068513566754,69.00065281554109,               159P   1021
-8.48707412514308,99.76068513566754,68.9414012239814,                159P   1022
-8.41460108440924,99.7606851356675,68.76084347192899,                159P   1023
-8.25732083057472,99.76068513566752,68.64014177447773,               159P   1024
-8.17345049220788,99.7606851356675,68.18829706059041,                159P   1025
-7.88082258627087,99.76068513566752,67.76678611547584,               159P   1026
-7.62986262173841,99.76068513566754,66.25009459890855,               159P   1027
-6.76782069448921,99.76068513566754,64.89842942064357,               159P   1028
-6.05152945376707,99.76068513566754,62.09300176848969,               159P   1029
-4.66778017724497,99.76068513566763,60.70249168684549,               159P   1030
-4.00414007824907,99.76068513566763,58.1579476484027,                159P   1031
-2.80209736234813,99.76068513566763,56.97056556486989,               159P   1032
-2.25332715997816,99.76068513566763,53.61394926191938,               159P   1033
-0.75739362134444,99.76068513566763,51.64811250657838,               159P   1034
0.03573780764812,99.76068513566767,48.00297921719147,                159P   1035
1.26002946608947,99.76068513566767,46.3264561656143,                 159P   1036
1.69874138438188,99.76068513566763,41.42697155389877,                159P   1037
2.68214152524683,99.76068513566763,38.36269499786378,                159P   1038
2.89052232242943,99.76068513566759,33.57270194211861,                159P   1039
3.19067041612334,99.76068513566759,31.94150250114649,                159P   1040
3.29140464524965,99.76068513566754,28.54280724293247,                159P   1041
3.5861962526989,99.76068513566754,26.78213607155605,                 159P   1042
3.77196944368283,99.76068513566754,10.45050470261205,                159P   1043
5.75539463392545,99.76068513566746,-7.51293159089479,                159P   1044
9.73931294329307,99.76068513566754,-25.47610853621829,               159P   1045
13.72331318039283,99.76068513566763,-15.07864779431176,              159P   1046
15.39119393987259,200.01548902896383,-9.12511590169183,              159P   1047
11.70727651654569,200.01548902896374,-3.1715840090719,               159P   1048
8.02335909321879,200.01548902896371,6.43636478396852,                159P   1049
2.73937218018228,200.01548902896357,9.75195620733375,                159P   1050
1.01835807949575,200.01548902896369,16.72196453111948,               159P   1051
-2.30272551090039,200.01548902896369,20.39524336513613,              159P   1052
-3.89979467106339,200.01548902896371,28.09812255137173,              159P   1053
-6.94785587757789,200.01548902896371,32.10567606953624,              159P   1054
-8.40144032878991,200.01548902896366,39.73079242954446,              159P   1055
-11.27965589067553,200.01548902896369,43.34264665683123,             159P   1056
-12.70405680537213,200.01548902896363,47.95087326845965,             159P   1057
-14.90734498664319,200.01548902896369,49.35171648852346,             159P   1058
-15.65316182004223,200.01548902896357,51.78822479739615,             159P   1059
-17.18362600359897,200.01548902896357,52.85213482894256,             159P   1060
-17.96634181841374,200.01548902896351,54.71052418914285,             159P   1061
-19.14006466400047,200.01548902896351,55.36692790481813,             159P   1062
-19.52960889743282,200.01548902896354,56.88999966096407,             159P   1063
-20.31383710116413,200.01548902896354,57.76372099942098,             159P   1064
-20.71023440799502,200.01548902896357,59.38755970834346,             159P   1065
-21.328053153959,200.01548902896354,59.98117085699878,               159P   1066
-21.53794675175866,200.0154890289636,61.29647885908796,              159P   1067
-21.96793502028402,200.0154890289636,62.01433425348701,              159P   1068
-22.18540164799088,200.01548902896354,63.32916188997786,             159P   1069
-22.44647890410904,200.01548902896366,63.92613413206973,             159P   1070
-22.49008953252034,200.01548902896366,64.54996567671532,             159P   1071
-22.29101273602777,200.01548902896371,64.71055925667294,             159P   1072
-22.17879005134382,200.01548902896363,64.92223633814028,             159P   1073
-21.85342165429103,200.0154890289636,64.97373483001647,              159P   1074
-21.63925221900312,200.01548902896357,64.99845255473051,             159P   1075
-21.14726534662222,200.01548902896357,64.97459274802034,             159P   1076
-20.87379688484581,200.01548902896363,64.86742884417133,             159P   1077
-20.30686980473237,200.0154890289636,64.78217048455639,              159P   1078
-20.00978819508091,200.0154890289636,64.48583106053749,              159P   1079
-19.19632617989572,200.0154890289636,64.23668695905265,              159P   1080
-18.76244812075242,200.01548902896363,63.3862342460946,              159P   1081
-17.69586473789967,200.01548902896363,62.69912685533574,             159P   1082
-17.28247417939449,200.01548902896363,61.36322771464498,             159P   1083
-16.48921649307947,200.01548902896357,60.6572116000558,              159P   1084
-16.15348762506198,200.01548902896363,59.13451057014004,             159P   1085
-15.54914981368406,200.0154890289636,58.32568427863343,              159P   1086
-15.283726648561,200.01548902896366,55.80235117899607,               159P   1087
-14.53557750350979,200.01548902896366,53.99947962172788,             159P   1088
-14.08642185973859,200.01548902896357,50.37636692423168,             159P   1089
-13.00515359008259,200.01548902896357,48.54029660569302,             159P   1090
-12.40250650594165,200.01548902896363,43.03012042653446,             159P   1091
-10.4609237553055,200.01548902896363,39.3469127192984,               159P   1092
-8.9874553227459,200.01548902896366,33.91023527134617,               159P   1093
-6.695300850673,200.01548902896366,32.11326903573951,                159P   1094
-5.91827302345102,200.01548902896371,28.56157259614124,              159P   1095
-4.36715805114166,200.01548902896371,26.80513943283161,              159P   1096
-3.59100379241714,200.01548902896371,11.13266618329181,              159P   1097
3.38145360070142,200.01548902896386,-1.861909770805,                 159P   1098
9.46334999918579,200.01548902896377,-14.85751819718098,              159P   1099
15.54492024110631,200.01548902896374,-7.19051810387104,              159P   1100
16.27150484174039,266.67388932390753,-2.46843811722038,              159P   1101
12.94152134289145,266.67388932390753,2.25364186943028,               159P   1102
9.61153784404252,266.67388932390747,9.62868814990913,                159P   1103
4.74828263844026,266.67388932390753,12.13569129348589,               159P   1104
3.14915091035137,266.67388932390753,17.29566073089083,               159P   1105
0.01674747550916,266.67388932390753,19.95491394736819,               159P   1106
-1.51552418320108,266.67388932390747,25.43622461863013,              159P   1107
-4.49731461525277,266.67388932390747,28.25093358288734,              159P   1108
-5.94769747014505,266.67388932390747,33.80540982673634,              159P   1109
-8.79623325879831,266.67388932390742,36.5539264914957,               159P   1110
-10.19570510100542,266.67388932390742,40.41011129374293,             159P   1111
-12.27275306485667,266.67388932390742,41.64800537354471,             159P   1112
-12.9611113388017,266.67388932390742,43.97601287982543,              159P   1113
-14.33117366551045,266.67388932390742,45.07554070538048,             159P   1114
-15.01223391294883,266.67388932390742,46.77688124337399,             159P   1115
-16.01599188111098,266.67388932390742,47.34752667150455,             159P   1116
-16.34827448193264,266.67388932390747,48.56132838207405,             159P   1117
-17.00099805901687,266.67388932390747,49.20988535243811,             159P   1118
-17.32072015832863,266.67388932390742,50.32710147374037,             159P   1119
-17.78052390058843,266.67388932390747,50.72361099888744,             159P   1120
-17.93052309567772,266.67388932390747,51.57824093659839,             159P   1121
-18.22217853890677,266.67388932390747,52.03508094195011,             159P   1122
-18.36295882684373,266.67388932390747,52.93298290128812,             159P   1123
-18.57225808105532,266.67388932390747,53.37404485527444,             159P   1124
-18.64077704732996,266.67388932390747,53.96768315446161,             159P   1125
-18.64273466476479,266.67388932390747,54.15874142310068,             159P   1126
-18.63044377617618,266.67388932390742,54.48460249680545,             159P   1127
-18.54370382898516,266.67388932390747,54.61111702362411,             159P   1128
-18.46141945774322,266.67388932390742,54.70265528871995,             159P   1129
-18.14825686144407,266.67388932390742,54.67632724105145,             159P   1130
-17.92770234894361,266.67388932390742,54.56012946109219,             159P   1131
-17.48891122327632,266.67388932390747,54.47441821565946,             159P   1132
-17.27850627173203,266.67388932390747,54.1789382232088,              159P   1133
-16.72607025551756,266.67388932390747,53.92546799958474,             159P   1134
-16.45276015176214,266.67388932390742,53.10019970166091,             159P   1135
-15.75399806048146,266.67388932390742,52.48689192189743,             159P   1136
-15.41734709256054,266.67388932390742,51.25659996105604,             159P   1137
-14.77394037285643,266.67388932390742,50.61866600926009,             159P   1138
-14.48478642182882,266.67388932390742,49.30377685626095,             159P   1139
-13.93007906460196,266.67388932390747,48.63067502065463,             159P   1140
-13.66399055386047,266.67388932390747,46.59137980912865,             159P   1141
-12.86371647975763,266.67388932390747,45.20367675612383,             159P   1142
-12.32830174004743,266.67388932390753,42.44192662288636,             159P   1143
-11.16648016194046,266.67388932390753,41.06260347595931,             159P   1144
-10.54989456381132,266.67388932390753,36.94619213013753,             159P   1145
-8.62086619379667,266.67388932390753,34.22828329885637,              159P   1146
-7.2288547753601,266.67388932390747,30.19740219227189,               159P   1147
-5.08522032732505,266.67388932390747,28.86161936648056,              159P   1148
-4.36164736583358,266.67388932390747,26.20909565746276,              159P   1149
-2.90701664479423,266.67388932390747,24.89178720251573,              159P   1150
-2.17526982286644,266.67388932390747,13.10100697043262,              159P   1151
4.44000192514781,266.67388932390747,3.07366930666029,                159P   1152
10.52241640198138,266.67388932390747,-6.95401249326984,              159P   1153
16.60472216667905,266.67388932390753,-3.24681885624691,              159P   1154
16.71161949218516,300.,0.85959225252746,13.55858655151023,300.,      159P   1155
4.96600336130183,10.40555361083529,299.99999999999994,               159P   1156
11.2247018756583,5.75264475895373,300.00000000000006,                159P   1157
13.32744835564294,4.21444856818168,300.00000000000006,               159P   1158
17.58248224120968,1.17637646620299,300.00000000000006,               159P   1159
19.73476964679177,-0.32349944500364,300.,24.10539902541923,          159P   1160
-3.27215756132969,300.,26.32374099846462,-4.72093976644911,300.,     159P   1161
30.84299315388445,-7.55463704407891,299.99999999999989,              159P   1162
33.159881051192,-8.94164550544938,299.99999999999983,                159P   1163
36.64007980424527,-10.95557921154929,299.99999999999983,             159P   1164
37.79650686625305,-11.61521086884616,299.99999999999983,             159P   1165
40.0702690000132,-12.90507970140691,299.99999999999983,              159P   1166
41.18760407176556,-13.53531687667079,299.99999999999989,             159P   1167
42.81042747752585,-14.45410028362178,299.99999999999994,             159P   1168
43.33819773659351,-14.75775472208982,299.99999999999994,             159P   1169
44.39737875836646,-15.34473208080295,299.99999999999994,             159P   1170
44.93336398056116,-15.62612013008368,299.99999999999989,             159P   1171
45.79729228890461,-16.00692369414196,299.99999999999994,             159P   1172
46.09526013752765,-16.12697846385092,300.,46.71957239447239,         159P   1173
-16.34947390585637,300.,47.04591680279408,-16.45191457815288,        159P   1174
300.,47.73537524715093,-16.63532723120858,300.,                      159P   1175
48.09848928318608,-16.71629921196778,300.,48.67703235903507,         159P   1176
-16.81876471885996,300.,48.88332156004303,-16.85643509669836,        159P   1177
299.99999999999983,49.26626933768767,-16.88899831453035,             159P   1178
299.99999999999994,49.43028840514805,-16.87265036272651,             159P   1179
299.99999999999989,49.55523384344856,-16.6488916163533,              159P   1180
299.99999999999989,49.52767178969849,-16.45479162604474,             159P   1181
299.99999999999989,49.40695749038455,-16.08006253877868,300.,        159P   1182
49.32101982303317,-15.91299189901404,299.99999999999994,             159P   1183
49.02596950653387,-15.49105678429953,299.99999999999994,             159P   1184
48.77033642234654,-15.29802321626374,299.99999999999989,             159P   1185
47.95765916469711,-14.78315472305497,299.99999999999989,             159P   1186
47.38124776998043,-14.48486999371362,299.99999999999983,             159P   1187
46.20375450440141,-13.91638181204969,299.99999999999983,             159P   1188
45.59985847854239,-13.65051316087126,299.99999999999983,             159P   1189
44.38886563237461,-13.1206187304567,299.99999999999994,              159P   1190
43.78361973418609,-12.8541975777433,299.99999999999994,              159P   1191
41.98632103261604,-12.02786345499136,300.,40.80618298958879,         159P   1192
-11.4493231652325,300.00000000000011,38.47507421620568,              159P   1193
-10.2472286663701,300.00000000000011,37.32410348584983,              159P   1194
-9.62367445726656,300.00000000000006,33.90450995873815,              159P   1195
-7.70092269569452,300.00000000000006,31.66920582593817,              159P   1196
-6.34963600896463,300.,28.34115773444513,-4.28025468936952,          159P   1197
299.99999999999994,27.23594523871691,-3.58340668322694,              159P   1198
299.99999999999994,25.03296622029563,-2.17701361598811,              159P   1199
299.99999999999994,23.93519976705799,-1.4674684542709,               159P   1200
299.99999999999989,14.08508613570322,4.96922702596632,               159P   1201
299.99999999999983,5.54123009207403,11.0519005179627,                159P   1202
299.99999999999989,-3.00262595155517,17.13457400995908,300.,-1.,     159P   1203
0.,0.,1.;                                                            159P   1204
126,1,1,1,0,1,0,-1.,-1.,0.,0.,1.,1.,-1.,1.,0.,-1.,0.,0.,-1.,0.,      161P   1205
0.,0.,1.;                                                            161P   1206
126,1,1,1,0,1,0,-1.,-1.,0.,0.,1.,1.,-1.,0.,0.,0.,0.,0.,-1.,0.,       163P   1207
0.,0.,1.;                                                            163P   1208
126,1,1,1,0,1,0,-1.,-1.,0.,0.,1.,1.,0.,0.,0.,0.,1.,0.,-1.,0.,0.,     165P   1209
0.,1.;                                                               165P   1210
126,1,1,1,0,1,0,-1.,-1.,0.,0.,1.,1.,0.,1.,0.,-1.,1.,0.,-1.,0.,       167P   1211
0.,0.,1.;                                                            167P   1212
102,4,161,163,165,167;                                               169P   1213
126,5,3,0,0,1,0,-1.,-1.,-1.,-1.,-0.66715359921826,                   171P   1214
-0.33424548589893,0.,0.,0.,0.,1.,1.,1.,1.,1.,1.,                     171P   1215
-3.24681885624691,16.71161949218516,300.,-7.19051810387104,          171P   1216
16.27150484174039,266.67388932390753,-15.07864779431176,             171P   1217
15.39119393987259,200.01548902896383,-26.2470116418444,              171P   1218
10.3782915329979,99.76068513566759,-30.75699811693849,               171P   1219
2.76833067725357,33.29797197975179,-33.01651170201362,               171P   1220
-1.0442771942779,0.,-1.,0.;                                          171P   1221
126,53,3,0,0,1,0,-1.,-1.,-1.,-1.,-0.875,-0.875,-0.8125,-0.8125,      173P   1222
-0.75,-0.75,-0.6875,-0.6875,-0.625,-0.625,-0.59375,-0.59375,         173P   1223
-0.5625,-0.5625,-0.546875,-0.546875,-0.53125,-0.53125,               173P   1224
-0.5234375,-0.5234375,-0.515625,-0.515625,-0.5078125,-0.5078125,     173P   1225
-0.50390625,-0.50390625,-0.5,-0.5,-0.49609375,-0.49609375,           173P   1226
-0.4921875,-0.4921875,-0.484375,-0.484375,-0.46875,-0.46875,         173P   1227
-0.453125,-0.453125,-0.4375,-0.4375,-0.40625,-0.40625,-0.375,        173P   1228
-0.375,-0.3125,-0.3125,-0.28125,-0.28125,-0.25,-0.25,0.,0.,0.,       173P   1229
0.,1.,1.,1.,1.,1.,1.,1.,1.,1.,1.,1.,1.,1.,1.,1.,1.,1.,1.,1.,1.,      173P   1230
1.,1.,1.,1.,1.,1.,1.,1.,1.,1.,1.,1.,1.,1.,1.,1.,1.,1.,1.,1.,1.,      173P   1231
1.,1.,1.,1.,1.,1.,1.,1.,1.,1.,1.,1.,1.,-33.01651170201362,           173P   1232
-1.0442771942779,0.,-26.16459847826524,-2.50195905977426,0.,         173P   1233
-19.31268525451692,-3.95964092527061,-0.00000000000003,              173P   1234
-8.27615351895585,-5.69104413708535,-0.00000000000003,               173P   1235
-4.47086595711241,-6.19232527661863,-0.00000000000003,               173P   1236
3.51904011654373,-6.96732776247029,-0.00000000000003,                173P   1237
7.70365862835643,-7.24104910878867,-0.00000000000003,                173P   1238
16.57867025194085,-7.48507874380556,-0.00000000000003,               173P   1239
21.2690633637126,-7.45538703250408,-0.00000000000003,                173P   1240
31.28206783720481,-7.01673728787627,-0.00000000000003,               173P   1241
36.60467919892528,-6.60777925454996,-0.00000000000003,               173P   1242
45.15759266645991,-5.65300251473814,-0.00000000000003,               173P   1243
48.12248116017467,-5.27678259022821,-0.00000000000003,               173P   1244
53.8139198910438,-4.42598857586516,0.,56.53848781022808,             173P   1245
-3.95152573734883,0.,60.08475353440465,-3.17992658995851,0.,         173P   1246
61.17674441669686,-2.91274272589243,0.,63.12072096554397,            173P   1247
-2.36068901078605,0.,63.97270663209885,-2.07581915974575,0.,         173P   1248
65.02582384697513,-1.63696162512793,0.,65.33938603777455,            173P   1249
-1.48875032057909,0.,65.88408042886253,-1.18876208082451,0.,         173P   1250
66.1152126291511,-1.03698514561876,0.,66.48757081035852,             173P   1251
-0.73015093324591,0.,66.62879679127738,-0.57509365607882,0.,         173P   1252
66.76759892648428,-0.3402614503788,0.,66.801693498858,               173P   1253
-0.26160966682057,0.,66.84460250294097,-0.1035929974746,0.,          173P   1254
66.85337828927179,-0.02422685365153,0.,66.84489315357025,            173P   1255
0.13517708191894,0.,66.82775999064164,0.21521071468345,0.,           173P   1256
66.76864447885904,0.37584488724499,0.,66.72666213000507,             173P   1257
0.45644542704201,0.,66.56483931090071,0.69895277259271,0.,           173P   1258
66.40912306810783,0.86156530450606,0.,65.80965530032357,             173P   1259
1.351068729772,0.,65.23358473592657,1.67962545265047,0.,             173P   1260
63.788241106127,2.33501004320841,0.,62.91896804072444,               173P   1261
2.66183791088789,0.,60.94686767965657,3.30759372377986,              173P   1262
0.00000000000003,59.84404038399125,3.62652166899234,                 173P   1263
0.00000000000003,56.27469955771536,4.5621990200273,                  173P   1264
0.00000000000003,53.54732708782484,5.15784194124727,                 173P   1265
0.00000000000003,47.87414447590627,6.24347528660316,                 173P   1266
0.00000000000003,44.93316749978198,6.73286211358334,                 173P   1267
0.00000000000003,36.46675836809263,7.97243757286045,                 173P   1268
0.00000000000003,31.1901157074623,8.50749549319724,                  173P   1269
0.00000000000003,23.73468933380341,8.94592522472582,                 173P   1270
0.00000000000003,21.32613681213153,9.03137561040591,                 173P   1271
0.00000000000003,16.64689305397376,9.09302923707311,                 173P   1272
0.00000000000003,14.37620181748785,9.06923247806022,                 173P   1273
0.00000000000003,-5.50857417014137,8.41807306817229,                 173P   1274
0.00000000000003,-19.2625429360775,4.73179036589377,                 173P   1275
0.00000000000003,-33.01651170201362,1.04550766361524,0.,-1.,0.;      173P   1276
126,5,3,0,0,1,0,-1.,-1.,-1.,-1.,-0.66575451410107,                   175P   1277
-0.33284640078174,0.,0.,0.,0.,1.,1.,1.,1.,1.,1.,                     175P   1278
-33.01651170201362,1.04550766361524,0.,-30.49968723364481,           175P   1279
5.27708658960512,33.29797197975181,-25.47610853621829,               175P   1280
13.72331318039283,99.76068513566763,-14.85751819718098,              175P   1281
15.54492024110631,200.01548902896374,-6.95401249326984,              175P   1282
16.60472216667905,266.67388932390753,-3.00262595155517,              175P   1283
17.13457400995908,300.,-1.,0.;                                       175P   1284
126,53,3,0,0,1,0,-1.,-1.,-1.,-1.,-0.75,-0.75,-0.71875,-0.71875,      177P   1285
-0.6875,-0.6875,-0.625,-0.625,-0.59375,-0.59375,-0.5625,-0.5625,     177P   1286
-0.546875,-0.546875,-0.53125,-0.53125,-0.515625,-0.515625,           177P   1287
-0.5078125,-0.5078125,-0.50390625,-0.50390625,-0.5,-0.5,             177P   1288
-0.49609375,-0.49609375,-0.4921875,-0.4921875,-0.484375,             177P   1289
-0.484375,-0.4765625,-0.4765625,-0.46875,-0.46875,-0.453125,         177P   1290
-0.453125,-0.4375,-0.4375,-0.40625,-0.40625,-0.375,-0.375,           177P   1291
-0.3125,-0.3125,-0.25,-0.25,-0.1875,-0.1875,-0.125,-0.125,0.,0.,     177P   1292
0.,0.,1.,1.,1.,1.,1.,1.,1.,1.,1.,1.,1.,1.,1.,1.,1.,1.,1.,1.,1.,      177P   1293
1.,1.,1.,1.,1.,1.,1.,1.,1.,1.,1.,1.,1.,1.,1.,1.,1.,1.,1.,1.,1.,      177P   1294
1.,1.,1.,1.,1.,1.,1.,1.,1.,1.,1.,1.,1.,1.,-3.00262595155517,         177P   1295
17.13457400995908,300.,5.54123009207403,11.0519005179627,            177P   1296
299.99999999999989,14.08508613570322,4.96922702596632,               177P   1297
299.99999999999983,23.93519976705799,-1.4674684542709,               177P   1298
299.99999999999989,25.03296622029563,-2.17701361598811,              177P   1299
299.99999999999994,27.23594523871691,-3.58340668322694,              177P   1300
299.99999999999994,28.34115773444513,-4.28025468936952,              177P   1301
299.99999999999994,31.66920582593817,-6.34963600896463,300.,         177P   1302
33.90450995873815,-7.70092269569452,300.00000000000006,              177P   1303
37.32410348584983,-9.62367445726656,300.00000000000006,              177P   1304
38.47507421620568,-10.2472286663701,300.00000000000011,              177P   1305
40.80618298958879,-11.4493231652325,300.00000000000011,              177P   1306
41.98632103261604,-12.02786345499136,300.,43.78361973418609,         177P   1307
-12.8541975777433,299.99999999999994,44.38886563237461,              177P   1308
-13.1206187304567,299.99999999999994,45.59985847854239,              177P   1309
-13.65051316087126,299.99999999999983,46.20375450440141,             177P   1310
-13.91638181204969,299.99999999999983,47.38124776998043,             177P   1311
-14.48486999371362,299.99999999999983,47.95765916469711,             177P   1312
-14.78315472305497,299.99999999999989,48.77033642234654,             177P   1313
-15.29802321626374,299.99999999999989,49.02596950653387,             177P   1314
-15.49105678429953,299.99999999999994,49.32101982303317,             177P   1315
-15.91299189901404,299.99999999999994,49.40695749038455,             177P   1316
-16.08006253877868,300.,49.52767178969849,-16.45479162604474,        177P   1317
299.99999999999989,49.55523384344856,-16.6488916163533,              177P   1318
299.99999999999989,49.43028840514805,-16.87265036272651,             177P   1319
299.99999999999989,49.26626933768767,-16.88899831453035,             177P   1320
299.99999999999994,48.88332156004303,-16.85643509669836,             177P   1321
299.99999999999983,48.67703235903507,-16.81876471885996,300.,        177P   1322
48.09848928318608,-16.71629921196778,300.,47.73537524715093,         177P   1323
-16.63532723120858,300.,47.04591680279408,-16.45191457815288,        177P   1324
300.,46.71957239447239,-16.34947390585637,300.,                      177P   1325
46.09526013752765,-16.12697846385092,300.,45.79729228890461,         177P   1326
-16.00692369414196,299.99999999999994,44.93336398056116,             177P   1327
-15.62612013008368,299.99999999999989,44.39737875836646,             177P   1328
-15.34473208080295,299.99999999999994,43.33819773659351,             177P   1329
-14.75775472208982,299.99999999999994,42.81042747752585,             177P   1330
-14.45410028362178,299.99999999999994,41.18760407176556,             177P   1331
-13.53531687667079,299.99999999999989,40.0702690000132,              177P   1332
-12.90507970140691,299.99999999999983,37.79650686625305,             177P   1333
-11.61521086884616,299.99999999999983,36.64007980424527,             177P   1334
-10.95557921154929,299.99999999999983,33.159881051192,               177P   1335
-8.94164550544938,299.99999999999983,30.84299315388445,              177P   1336
-7.55463704407891,299.99999999999989,26.32374099846462,              177P   1337
-4.72093976644911,300.,24.10539902541923,-3.27215756132969,300.,     177P   1338
19.73476964679177,-0.32349944500364,300.,17.58248224120968,          177P   1339
1.17637646620299,300.00000000000006,13.32744835564294,               177P   1340
4.21444856818168,300.00000000000006,11.2247018756583,                177P   1341
5.75264475895373,300.00000000000006,4.96600336130183,                177P   1342
10.40555361083529,299.99999999999994,0.85959225252746,               177P   1343
13.55858655151023,300.,-3.24681885624691,16.71161949218516,300.,     177P   1344
-1.,0.;                                                              177P   1345
102,4,171,173,175,177;                                               179P   1346
142,1,159,169,179,2;                                                 181P   1347
144,159,1,0,181;                                                     183P   1348
314,100.,50.19607843137255,50.19607843137255,10HMixedColor;          185P   1349
314,100.,50.19607843137255,50.19607843137255,10HMixedColor;          187P   1350
128,3,5,3,3,0,0,1,0,0,-1.,-1.,-1.,-1.,0.,0.,0.,0.,0.,0.,0.,0.,       189P   1351
0.33424548589893,0.66715359921826,1.,1.,1.,1.,1.,1.,1.,1.,1.,1.,     189P   1352
1.,1.,1.,1.,1.,1.,1.,1.,1.,1.,1.,1.,1.,1.,1.,1.,1.,1.,               189P   1353
-33.01651170201362,1.04550766361524,0.,-33.01651170201362,           189P   1354
0.3489127109842,0.,-33.01651170201362,-0.34768224164685,0.,          189P   1355
-33.01651170201362,-1.0442771942779,0.,-30.49968723364481,           189P   1356
5.27708658960512,33.29797197975181,-30.58545752807603,               189P   1357
4.44083461882127,33.29797197975179,-30.67122782250727,               189P   1358
3.60458264803742,33.29797197975179,-30.75699811693849,               189P   1359
2.76833067725357,33.29797197975179,-25.47610853621829,               189P   1360
13.72331318039283,99.76068513566763,-25.73307623809365,              189P   1361
12.60830596459453,99.76068513566759,-25.99004393996902,              189P   1362
11.49329874879622,99.76068513566759,-26.2470116418444,               189P   1363
10.3782915329979,99.76068513566759,-14.85751819718098,               189P   1364
15.5449202411063,200.01548902896374,-14.93122806289125,              189P   1365
15.49367814069506,200.0154890289638,-15.0049379286015,               189P   1366
15.44243604028383,200.0154890289638,-15.07864779431176,              189P   1367
15.39119393987259,200.01548902896383,-6.95401249326984,              189P   1368
16.60472216667905,266.67388932390753,-7.03284769680358,              189P   1369
16.49364972503283,266.67388932390753,-7.1116829003373,               189P   1370
16.38257728338662,266.67388932390753,-7.19051810387104,              189P   1371
16.27150484174039,266.67388932390753,-3.00262595155517,              189P   1372
17.13457400995908,300.,-3.08402358645241,16.9935891707011,300.,      189P   1373
-3.16542122134965,16.85260433144314,300.,-3.2468188562469,           189P   1374
16.71161949218516,300.,-1.,0.,0.,1.;                                 189P   1375
126,1,1,1,0,1,0,0.,0.,0.00048838580938,0.00048838580938,1.,1.,       191P   1376
0.,1.,0.,-1.,1.,0.,0.,0.00048838580938,0.,0.,1.;                     191P   1377
126,1,1,1,0,1,0,-1.,-1.,0.,0.,1.,1.,-1.,1.,0.,-1.,0.,0.,-1.,0.,      193P   1378
0.,0.,1.;                                                            193P   1379
126,1,1,1,0,1,0,-0.00208978485789,-0.00208978485789,0.,0.,1.,1.,     195P   1380
-1.,0.,0.,0.,0.,0.,-0.00208978485789,0.,0.,0.,1.;                    195P   1381
126,1,1,1,0,1,0,-1.,-1.,0.,0.,1.,1.,0.,0.,0.,0.,1.,0.,-1.,0.,0.,     197P   1382
0.,1.;                                                               197P   1383
102,4,191,193,195,197;                                               199P   1384
110,-3.2468188562469,16.71161949218516,300.,-3.00262595155517,       201P   1385
17.13457400995908,300.;                                              201P   1386
126,5,3,0,0,1,0,-1.,-1.,-1.,-1.,-0.66715359921826,                   203P   1387
-0.33424548589893,0.,0.,0.,0.,1.,1.,1.,1.,1.,1.,                     203P   1388
-3.00262595155517,17.13457400995908,300.,-6.95401249326984,          203P   1389
16.60472216667905,266.67388932390753,-14.85751819718098,             203P   1390
15.5449202411063,200.01548902896374,-25.47610853621829,              203P   1391
13.72331318039283,99.76068513566763,-30.49968723364481,              203P   1392
5.27708658960512,33.29797197975181,-33.01651170201362,               203P   1393
1.04550766361524,0.,-1.,0.;                                          203P   1394
110,-33.01651170201362,1.04550766361524,0.00000000000001,            205P   1395
-33.01651170201362,-1.0442771942779,0.;                              205P   1396
126,5,3,0,0,1,0,-1.,-1.,-1.,-1.,-0.66575451410107,                   207P   1397
-0.33284640078174,0.,0.,0.,0.,1.,1.,1.,1.,1.,1.,                     207P   1398
-33.01651170201362,-1.0442771942779,0.,-30.75699811693849,           207P   1399
2.76833067725357,33.29797197975179,-26.2470116418444,                207P   1400
10.3782915329979,99.76068513566759,-15.07864779431176,               207P   1401
15.39119393987259,200.01548902896383,-7.19051810387104,              207P   1402
16.27150484174039,266.67388932390753,-3.2468188562469,               207P   1403
16.71161949218516,300.,-1.,0.;                                       207P   1404
102,4,201,203,205,207;                                               209P   1405
142,1,189,199,209,2;                                                 211P   1406
144,189,1,0,211;                                                     213P   1407
314,56.07843137254902,68.62745098039215,56.07843137254902,10HMix     215P   1408
edColor;                                                             215P   1409
126,6,3,0,0,1,0,0.,0.,0.,0.,0.37794050774507,0.49909282185491,       217P   1410
0.62024537911579,1.,1.,1.,1.,1.,1.,1.,1.,1.,1.,1.,                   217P   1411
-33.01651170201362,-1.0442771942779,-0.00000000000001,               217P   1412
-12.29958719954463,-5.45161338928971,-0.00000000000002,              217P   1413
15.0583384480199,-11.2717618342282,-0.00000000000004,                217P   1414
79.35397529257995,-0.3298043831783,0.,15.43386780679443,             217P   1415
14.03098108889192,0.00000000000005,-12.1239789245684,                217P   1416
6.64503922391841,0.00000000000002,-33.01651170201362,                217P   1417
1.04550766361524,0.,0.,1.;                                           217P   1418
314,56.07843137254902,68.62745098039215,56.07843137254902,10HMix     219P   1419
edColor;                                                             219P   1420
110,-33.01651170201362,-1.0442771942779,-0.00000000000001,           221P   1421
-33.01651170201362,1.04550766361524,0.;                              221P   1422
314,56.07843137254902,68.62745098039215,56.07843137254902,10HMix     223P   1423
edColor;                                                             223P   1424
126,8,3,0,0,1,0,0.,0.,0.,0.,0.25603903578463,0.44546214747846,       225P   1425
0.50047168335152,0.53735849608214,0.71094728786119,1.,1.,1.,1.,      225P   1426
1.,1.,1.,1.,1.,1.,1.,1.,1.,-25.49976329218402,9.32287050744514,      225P   1427
100.00000000000003,-8.65778184456839,4.91388568801091,               225P   1428
100.00000000000001,20.64425485642138,-2.75695965729487,              225P   1429
99.99999999999997,42.68548159447297,-11.17636158123436,100.,         225P   1430
72.1677240364465,-10.60526399478057,99.99999999999994,               225P   1431
50.92571158665336,0.6389980886406,100.0000000000001,                 225P   1432
24.4617389321072,2.71596602244513,99.99999999999994,                 225P   1433
-5.94872475438017,8.38396190740632,99.99999999999999,                225P   1434
-24.94880782418337,11.92525590949079,100.00000000000004,0.,1.;       225P   1435
314,56.07843137254902,68.62745098039215,56.07843137254902,10HMix     227P   1436
edColor;                                                             227P   1437
110,-25.49976329218402,9.32287050744514,100.00000000000003,          229P   1438
-24.94880782418337,11.92525590949079,100.00000000000004;             229P   1439
314,56.07843137254902,68.62745098039215,56.07843137254902,10HMix     231P   1440
edColor;                                                             231P   1441
126,11,3,0,0,1,0,0.,0.,0.,0.,0.22834655894912,0.40348209989998,      233P   1442
0.47632177584988,0.49867638298803,0.50781388661901,                  233P   1443
0.52577328361497,0.58453892300006,0.75536438501831,1.,1.,1.,1.,      233P   1444
1.,1.,1.,1.,1.,1.,1.,1.,1.,1.,1.,1.,-14.96475232075042,              233P   1445
14.77712653848351,200.00000000000011,-3.68488806896097,              233P   1446
8.73903219569918,200.00000000000003,16.24632235016667,               233P   1447
-1.93011471867849,199.99999999999994,43.80988153609895,              233P   1448
-12.31318511622744,200.00000000000003,54.71194770526989,             233P   1449
-17.9922389589893,199.99999999999989,63.55296761010462,              233P   1450
-19.79626009821398,200.,62.66958565928546,-16.42951056383713,        233P   1451
199.99999999999991,58.68712161408735,-13.54646967047439,             233P   1452
199.99999999999997,44.96310479038411,-9.41829492499605,200.,         233P   1453
19.88794575224241,0.37040061766189,200.00000000000003,               233P   1454
-1.84896410691615,9.89715756513972,200.00000000000006,               233P   1455
-14.64829142199378,15.50679026877732,200.00000000000006,0.,1.;       233P   1456
314,56.07843137254902,68.62745098039215,56.07843137254902,10HMix     235P   1457
edColor;                                                             235P   1458
110,-14.96475232075042,14.77712653848351,200.00000000000011,         237P   1459
-14.64829142199377,15.50679026877732,200.00000000000006;             237P   1460
314,56.07843137254902,68.62745098039215,56.07843137254902,10HMix     239P   1461
edColor;                                                             239P   1462
126,11,3,0,0,1,0,0.,0.,0.,0.,0.34543710751121,0.44554715607167,      241P   1463
0.49449652237291,0.49958482227177,0.50485697960156,                  241P   1464
0.51712957703538,0.55419419244263,0.68764914695731,1.,1.,1.,1.,      241P   1465
1.,1.,1.,1.,1.,1.,1.,1.,1.,1.,1.,1.,-3.24681885624691,               241P   1466
16.71161949218516,300.,8.10123534908843,7.99822286087067,            241P   1467
300.00000000000006,22.73803367849282,-3.24037601687353,              241P   1468
300.00000000000011,41.55682356478078,-13.72272322775143,             241P   1469
299.99999999999977,46.49260861605912,-16.55525882254407,             241P   1470
300.00000000000006,49.64257795445708,-16.95032874064172,             241P   1471
299.99999999999989,49.36753158557614,-15.69227309694273,300.,        241P   1472
47.51943225420776,-14.43920186498108,299.99999999999972,             241P   1473
40.32143669580576,-11.50627820432027,300.00000000000023,             241P   1474
22.90769951518682,-1.31190367889069,299.99999999999972,              241P   1475
7.67209694245083,9.53486099393824,299.99999999999989,                241P   1476
-3.00262595155516,17.13457400995908,300.,0.,1.;                      241P   1477
314,56.07843137254902,68.62745098039215,56.07843137254902,10HMix     243P   1478
edColor;                                                             243P   1479
110,-3.24681885624691,16.71161949218516,300.,-3.00262595155517,      245P   1480
17.13457400995907,300.;                                              245P   1481
S      1G      3D    246P   1481                                        T      1
